0,1,2,3,4,5,6,7,8,9,10,11,12,13,14,15,16,17,18,19,20,21,22,23,24
2376,2386,1210,3937,4775,4032,3929,3430,2872,4477,3152,3087,3771,4006,4658,3790,3135,1897,1753,3562,2444,3535,4313,3136,1560
2171,2181,1369,4617,4570,3827,3724,3225,2667,4819,2947,2882,3566,3801,4453,3584,2930,1692,1548,3357,2239,3329,4108,2931,1355
2232,2241,1535,4672,4630,3888,3784,3286,2728,4880,3008,2943,3627,3862,4517,3645,2991,1753,1608,3418,2300,3390,4172,2995,1416
2065,2075,1205,4464,4464,3721,3618,3119,2562,4714,2842,2777,3460,3696,4348,3479,2825,1587,1442,3252,2134,3224,4003,2825,1249
1969,1979,1465,4723,4368,3625,3522,3023,2465,4617,2745,2680,3364,3599,4251,3383,2729,1489,1344,3155,2037,3128,3906,2729,1214
1879,1889,1676,4935,4278,3535,3432,2933,2376,4528,2656,2591,3274,3510,4162,3293,2639,1444,1300,3066,1947,3038,3817,2639,1315
2333,2343,1499,4226,4732,3989,3886,3387,2829,4981,3109,3044,3728,3963,4615,3746,3092,1854,1710,3519,2401,3491,4270,3093,1517
2264,2274,1506,4490,4663,3920,3817,3318,2760,4913,3041,2976,3659,3895,4547,3678,3024,1786,1641,3451,2332,3423,4202,3024,1448
2033,2043,1413,4672,4432,3689,3586,3087,2529,4682,2809,2744,3428,3664,4316,3447,2793,1555,1410,3220,2101,3192,3970,2793,1061
2357,2367,1599,4688,4625,4013,3887,3411,2853,5005,3110,3068,3752,3987,4395,3748,3117,1879,1734,3521,2425,3493,4050,2873,1541
2317,2327,1738,4827,4451,3973,3713,3371,2813,4966,2937,3028,3712,3948,4222,3574,3077,1821,1677,3347,2385,3319,3876,2699,1665
2036,2046,2043,5179,4274,3692,3535,3090,2532,4684,2759,2747,3431,3667,4044,3396,2796,1795,1650,3169,2104,3141,3699,2521,1666
2053,2063,1657,4915,4452,3709,3606,3107,2549,4701,2829,2764,3448,3683,4321,3466,2812,1573,1428,3239,2121,3211,3976,2799,1406
1901,1911,1650,4909,4300,3557,3454,2956,2398,4550,2678,2613,3296,3532,4184,3315,2661,1421,1277,3088,1970,3060,3839,2661,1292
1948,1958,1257,4516,4347,3604,3501,3002,2444,4596,2724,2659,3343,3579,4230,3362,2708,1470,1325,3134,2016,3107,3885,2708,1132
2251,2223,2145,5328,4096,3857,3358,3269,2711,4774,2582,2926,3610,3770,3867,3219,2975,1974,1829,2992,2160,2964,3521,2344,1845
3649,3672,2075,3644,4770,4072,5009,4363,3805,4184,4424,3186,2854,4940,4121,5111,3016,2604,2223,4884,3731,4623,5160,3878,1399
3338,3482,2690,3685,4342,3452,4562,3915,3379,3521,4129,2656,1988,4187,4049,4861,2487,2427,2088,4588,3409,4197,5112,4518,1511
3350,3374,2006,3634,4759,4062,4775,4129,3571,4344,4126,3011,2713,4705,4111,4813,2842,2306,1924,4585,3432,4389,5326,3809,1101
3007,3151,2527,4069,4627,3737,4348,3702,3144,3806,3804,2427,2129,4200,4334,4491,2257,2096,1757,4264,3078,3962,4899,4186,1059
3586,3730,2423,3636,4907,4017,4927,4281,3723,4087,4383,3027,2554,4857,4113,5070,2858,2675,2336,4843,3657,4541,5478,4226,1495
3117,3261,2194,3746,4803,3913,4458,3812,3254,3982,3914,2634,2337,4388,4222,4601,2465,2206,1867,4374,3188,4072,5009,3997,1169
3431,3576,2536,3751,4601,3711,4682,4035,3568,3781,4228,2791,2248,4446,4308,4915,2621,2520,2181,4688,3502,4386,5232,4339,1529
3231,3368,3028,3475,4131,3241,4382,3736,3257,3311,4006,2503,1777,3976,3838,4682,2334,2480,2141,4466,3302,4075,4933,4484,1593
2960,3097,2780,3796,4276,3386,4169,3522,2986,3455,3736,2278,1774,4045,3983,4468,2108,2060,1721,4195,3031,3804,4719,4151,1145
2681,2826,2875,4139,4622,3573,4023,3377,2819,3802,3479,2247,2030,3953,4329,4166,2078,1770,1431,3938,2752,3637,4574,3861,991
2535,2680,2931,4435,4818,3538,3877,3230,2672,3966,3333,2101,2072,3807,4493,4020,1931,1736,1529,3792,2606,3490,4427,3715,1089
2424,2550,2971,4430,4459,3184,3632,2986,2450,3639,3199,1773,1745,3603,4166,3932,1604,1606,1462,3659,2495,3268,4183,3585,1129
2055,2199,2966,4583,4337,2979,3396,2750,2192,3631,2852,1541,1736,3326,4158,3539,1372,1256,1226,3312,2126,3010,3947,3234,1123
3562,3698,2883,3379,4394,3504,4712,4066,3587,3574,4337,2834,2040,4239,3856,5012,2664,2829,2490,4796,3633,4405,5136,4814,1942
3124,3268,2633,3924,4475,3585,4347,3701,3165,3654,3914,2457,2021,4230,4182,4647,2287,2213,1874,4374,3195,3983,4898,4303,1297
3338,3475,3154,3514,4171,3281,4489,3843,3364,3350,4114,2610,1817,4015,3878,4789,2441,2606,2267,4573,3409,4182,4912,4591,1719
3069,3205,3251,3528,3839,2949,4116,3469,3001,3019,3844,2237,1385,3684,3546,4415,2067,2417,2193,4304,3140,3720,4581,4321,1617
2505,2642,3115,4234,4308,3149,3714,3067,2531,3488,3281,1823,1593,3596,4015,4013,1653,1777,1761,3740,2576,3349,4264,3756,1321
2734,2870,3235,3900,4048,3035,3885,3238,2759,3228,3509,2006,1392,3663,3755,4184,1836,2082,2096,3969,2805,3577,4435,3986,1564
2522,2658,3329,4000,4126,2967,3673,3027,2547,3305,3297,1794,1424,3496,3833,3972,1625,1870,1893,3757,2593,3365,4224,3774,1616
2297,2433,3214,4456,4324,2970,3505,2859,2322,3504,3072,1645,1610,3418,4031,3804,1476,1507,1530,3531,2368,3140,4056,3486,1372
2128,2264,3243,4415,4277,2859,3336,2690,2153,3463,2903,1477,1569,3307,3990,3635,1307,1463,1486,3363,2199,2971,3887,3380,1401
2283,2419,3443,4143,4011,2756,3387,2740,2308,3191,3058,1508,1297,3204,3718,3686,1339,1631,1654,3518,2354,2991,3937,3535,1552
2839,2976,3055,4012,4319,3306,3990,3344,2865,3499,3615,2112,1663,3853,4026,4290,1942,2112,1853,4074,2910,3683,4541,4092,1384
3873,4009,3150,2992,4205,3315,4793,4256,3787,3384,4605,3023,2064,4049,3469,5202,2854,3348,3009,5098,3943,4507,4946,5125,2461
3265,3401,3289,3050,3720,2830,4294,3648,3180,2899,3998,2416,1505,3564,3427,4594,2246,2740,2401,4491,3336,3899,4461,4517,1853
3578,3715,3196,2935,3597,2707,4185,3662,3333,2776,4311,2729,1498,3441,3304,4746,2544,3072,2733,4642,3649,4051,4338,4831,2185
4137,4273,2781,2521,3646,2971,4410,3887,3813,3040,4498,3288,2146,3705,2997,4611,3119,3613,3274,4586,4208,4165,4396,4562,2726
3770,3906,2753,3181,4242,3352,4838,4192,3723,3422,4545,2959,2107,4087,3658,5138,2790,3037,2698,5005,3841,4443,4984,4556,2150
3034,3170,3334,3255,3787,2897,4064,3417,2949,2967,3767,2185,1333,3632,3494,4363,2016,2479,2446,4260,3105,3668,4529,4286,1864
2576,2712,3548,3871,3740,2568,3606,2959,2491,2919,3309,1727,1025,3216,3447,3905,1512,2054,2077,3802,2647,3210,4156,3828,1877
2858,2994,3579,3585,3659,2769,3888,3242,2773,2839,3591,2009,1139,3524,3367,4187,1820,2303,2326,4084,2929,3493,4439,4110,1945
3747,3883,3010,2749,3893,3003,4482,3959,3591,3073,4480,2898,1756,3738,3225,4932,2729,3223,2884,4828,3818,4237,4635,4790,2336
3054,3190,3618,3345,3465,2575,3972,3449,2969,2645,3787,2205,1095,3310,3172,4383,1990,2501,2524,4280,3125,3689,4207,4306,2125
3183,3319,3945,3455,3478,2588,3984,3462,2943,2657,3821,2238,1108,3322,3185,4356,1999,2766,2789,4253,3254,3662,4219,4435,2368
3341,3477,3388,2701,3170,2280,3758,3236,2975,2350,3846,2425,1140,3015,2877,4208,2186,3020,2980,4105,3412,3513,3912,4442,2433
3781,3917,3217,2776,3473,2583,4061,3539,3426,2653,4149,2865,1580,3318,3180,4511,2626,3308,3129,4408,3852,3817,4215,4745,2581
2302,2438,3729,3930,3798,2508,3332,2686,2217,2978,3035,1453,1083,2956,3505,3631,1251,1747,1771,3528,2373,2937,3883,3554,1817
2402,2539,3787,3728,3596,2424,3440,2786,2317,2776,3128,1545,882,3010,3303,3732,1306,1985,2008,3588,2473,3037,3960,3655,2005
2723,2859,3819,3577,3445,2507,3663,3140,2638,2625,3429,1846,789,3242,3152,4035,1607,2306,2329,3889,2794,3340,4182,3975,2148
3281,3417,3959,3194,3301,2411,3890,3367,2915,2481,3912,2365,1080,3146,3008,4328,2126,2960,3019,4225,3352,3633,4043,4533,2691
3618,3755,3132,2446,3005,2115,3593,3071,2958,2185,3681,2607,1297,2850,2712,4043,2463,3298,3243,3940,3499,3349,3747,4277,2695
3284,3420,3460,2802,2671,1781,3259,2736,2624,1850,3347,2272,963,2516,2378,3709,2129,2963,3139,3606,3165,3014,3412,3942,2897
4036,4172,2773,2513,3507,2617,4095,3573,3460,2687,4183,3187,1799,3352,2989,4545,3017,3511,3172,4442,4107,3851,4249,4554,2625
3836,3972,3304,2497,3223,2333,3811,3288,3175,2402,3899,2824,1515,3067,2930,4261,2681,3515,3534,4157,3717,3566,3964,4494,2986
4003,4139,3058,2459,3390,2500,3978,3455,3342,2569,4066,2991,1682,3234,2936,4428,2848,3682,3637,4324,3884,3733,4131,4500,3089
2386,2358,1234,4807,3789,3992,3482,3403,3220,4898,2705,3672,4766,3893,3559,2995,3690,3118,3150,2845,2295,3088,3214,1932,2969
2155,2127,826,4833,3885,3761,3262,3183,2989,4678,2485,3441,4303,3673,3655,3091,3458,2668,2583,2895,2064,2868,3310,2125,2402
1994,1966,1306,4656,3397,3600,3090,3011,2828,4506,2313,3280,4374,3501,3167,2603,3298,2726,2955,2453,1903,2696,2822,1540,2944
1971,1943,1917,4976,3528,3578,3083,3005,2805,4499,2307,3258,4351,3495,3298,2734,3275,2703,2948,2583,1881,2689,2953,1775,3320
1963,1935,1281,4547,3366,3570,3059,2981,2797,4475,2283,3250,4343,3471,3137,2572,3267,2695,2925,2422,1873,2665,2791,1509,3077
1908,1880,1630,4912,3464,3514,3020,2941,2742,4435,2243,3194,4287,3431,3234,2670,3211,2640,2869,2520,1817,2626,2889,1581,3372
1728,1700,1853,4733,3284,3334,2840,2761,2562,4256,2063,3014,4108,3252,3055,2491,3032,2460,2689,2340,1637,2446,2710,1532,3192
1277,1250,1769,4282,2834,2884,2390,2311,2112,3805,1613,2564,3657,2801,2604,2040,2581,2010,2239,1890,1187,1995,2259,1082,2742
1163,1135,1891,4571,3116,2769,2270,2191,1997,3686,1493,2449,3542,2681,2898,2131,2466,1895,2132,1903,1072,1876,2553,1376,2432
2344,2317,1056,4839,3817,3951,3510,3431,3178,4925,2733,3631,4492,3921,3587,3023,3648,2857,2783,2873,2254,3115,3242,1960,2603
2236,2208,948,4955,3852,3842,3343,3264,3070,4759,2566,3522,4384,3755,3622,3058,3540,2749,2678,2908,2145,2949,3277,1995,2498
2103,2076,1348,4766,3506,3710,3199,3121,2937,4615,2423,3390,4483,3611,3277,2713,3407,2835,3065,2562,2013,2805,2932,1649,2981
2326,2298,1595,4999,3740,3932,3438,3359,3160,4854,2661,3612,4717,3849,3511,2946,3629,3082,3168,2796,2235,3044,3165,1883,3104
2065,2038,1584,4850,3591,3672,3177,3099,2899,4593,2401,3352,4445,3589,3361,2797,3369,2797,3048,2646,1975,2783,3016,1734,3090
1857,1830,1693,4862,3414,3464,2969,2891,2691,4385,2193,3144,4237,3381,3184,2620,3161,2589,2819,2470,1767,2575,2839,1662,3322
2047,2020,1494,5148,3699,3654,3155,3076,2882,4571,2378,3334,4196,3566,3470,2906,3351,2561,2646,2755,1957,2761,3125,1947,2971
1785,1757,1305,4814,3366,3391,2892,2813,2619,4308,2115,3071,3933,3303,3136,2572,3088,2298,2383,2422,1694,2498,2791,1614,2708
1922,1894,1683,4927,3478,3528,3034,2955,2756,4450,2257,3209,4302,3446,3249,2685,3226,2654,2875,2534,1832,2640,2904,1726,3200
1282,1254,1731,4400,2952,2888,2389,2310,2116,3805,1612,2568,3661,2800,2722,2158,2585,2014,2228,2022,1191,1995,2377,1199,2528
1241,1214,1693,4302,2854,2848,2203,2124,2076,3619,1426,2528,3621,2615,2624,2064,2545,1974,2203,1837,1151,1809,2279,1086,2666
1882,1854,1862,4578,3130,3488,2822,2744,2716,4238,2046,3168,4261,3234,2900,2336,3185,2614,2843,2185,1791,2428,2555,1272,3346
1945,1917,1450,4712,3263,3551,2956,2878,2779,4372,2180,3232,4325,3368,3034,2470,3249,2677,2906,2319,1855,2562,2689,1406,3246
2033,2005,1537,4154,2706,3273,2399,2320,2687,3815,1622,3261,4329,2810,2476,1912,3279,2765,2994,1762,1942,2005,2131,849,3333
2246,2219,1888,4330,2882,3449,2575,2496,2863,3991,1798,3437,4505,2986,2652,2088,3454,2979,3208,1938,2156,2181,2307,1025,3711
2112,2066,1812,4170,2722,3289,2415,2336,2703,3830,1638,3277,4345,2826,2492,1928,3294,2960,3190,1778,2021,2020,2147,865,3608
2029,1983,2009,4088,2639,3206,2332,2254,2620,3748,1556,3195,4262,2744,2410,1846,3212,2878,3107,1695,1939,1938,2065,782,3661
1512,1485,2004,4363,2915,3119,2503,2425,2347,3919,1727,2799,3892,2915,2685,2121,2816,2245,2474,1971,1422,2109,2340,1163,2977
1343,1297,2151,3921,2492,2520,1645,1567,1933,3061,869,2508,3575,2057,2243,1506,2525,2191,2420,1279,1252,1251,1898,454,3253
2132,2104,1637,4661,3213,3738,2906,2827,2966,4321,2129,3419,4512,3317,2983,2419,3436,2864,3093,2268,2042,2511,2638,1356,3433
1703,1675,2194,4532,3083,3309,2737,2658,2537,4152,1960,2989,4082,3148,2854,2290,3006,2435,2664,2139,1612,2342,2509,1197,3167
1669,1641,2160,4415,2967,3275,2620,2541,2503,4036,1843,2955,4049,3031,2737,2173,2972,2401,2630,2023,1578,2226,2392,1148,3133
2282,2236,1876,4340,2892,3459,2585,2506,2873,4000,1808,3447,4514,2996,2662,2098,3464,3130,3360,1947,2191,2190,2317,1035,3866
2153,2107,1875,4211,2763,3330,2456,2377,2744,3871,1679,3318,4386,2867,2533,1969,3335,3001,3231,1819,2062,2061,2188,906,3785
2064,2037,2070,4194,2746,3313,2439,2360,2727,3855,1662,3301,4369,2850,2516,1952,3319,2797,3026,1802,1974,2045,2171,889,3529
1921,1893,1905,3993,2545,3112,2238,2159,2526,3654,1461,3100,4168,2649,2315,1751,3117,2653,2883,1601,1831,1844,1970,688,3314
1972,1926,1875,4030,2582,3149,2275,2196,2563,3691,1498,3138,4205,2687,2353,1788,3155,2821,3050,1638,1882,1881,2007,725,3604
1739,1693,1903,3798,2349,2916,2042,1964,2330,3458,1266,2905,3972,2454,2120,1556,2922,2588,2817,1405,1649,1648,1775,492,3371
1521,1494,1941,4030,2582,3109,2235,2156,2355,3650,1458,2808,3901,2646,2352,1788,2825,2253,2483,1637,1431,1840,2007,829,2914
1793,1765,2147,4031,2583,3104,2230,2151,2518,3646,1453,3080,4173,2641,2353,1789,3097,2525,2754,1639,1703,1836,2008,831,3186
1416,1388,1835,4207,2759,2925,2051,1972,2250,3467,1274,2702,3795,2462,2529,1912,2719,2148,2377,1684,1325,1657,2184,740,2809
1365,1338,1964,4385,2860,2888,2014,1935,2199,3429,1237,2652,3745,2425,2707,1875,2669,2097,2386,1647,1275,1619,2362,896,2880
1519,1473,2059,4027,2578,2696,1822,1743,2110,3238,1045,2685,3752,2233,2349,1683,2702,2368,2597,1455,1429,1428,2004,511,3032
1629,1601,1995,3669,2220,2911,2037,1958,2325,3304,1260,2916,4009,2448,1991,1427,2933,2361,2591,1276,1539,1642,1646,468,3022
3663,3894,3866,1273,2717,2205,3667,3144,3095,2447,3755,3531,2687,2932,2068,3682,3415,4595,4825,3580,3573,3422,3468,3633,4179
3224,3455,3610,1081,2464,1766,3228,2705,2656,2008,3316,3092,2432,2494,1815,3429,2976,4156,4386,3404,3134,2983,3214,3380,3924
3172,3403,3818,855,2411,1714,3175,2653,2604,1956,3263,3040,2639,2441,1763,3376,2924,4104,4333,3352,3081,2931,3162,3327,4132
3401,3632,4122,612,2640,1943,3404,2882,2833,2185,3492,3269,2944,2670,1991,3605,3153,4333,4562,3580,3310,3160,3391,3556,4436
3674,3905,4392,436,2395,2216,3540,3155,3106,1983,3766,3542,3213,2868,1746,3360,3426,4606,4836,3335,3584,3433,3145,3311,4706
3870,4101,4227,446,2525,2412,3670,3351,3302,2113,3962,3738,3048,2999,1876,3490,3622,4802,5032,3465,3780,3629,3276,3441,4541
3754,3985,4274,661,2314,2298,3459,3235,3187,1901,3846,3622,3095,2787,1665,3279,3506,4686,4916,3254,3664,3585,3064,3230,4587
3833,4064,4126,617,2393,2376,3538,3314,3265,1980,3925,3701,2947,2866,1744,3358,3585,4765,4995,3333,3743,3664,3143,3308,4440
3545,3776,4084,806,2785,2087,3549,3026,2977,2329,3637,3413,2905,2814,2136,3750,3297,4477,4707,3725,3455,3304,3535,3700,4398
3626,3857,4052,655,2866,2168,3630,3107,3058,2410,3718,3494,2874,2895,2217,3831,3378,4558,4788,3806,3536,3385,3616,3781,4366
3979,4210,3983,810,2740,2520,3885,3460,3411,2328,4070,3847,2804,3213,2091,3705,3731,4911,4960,3680,3888,3738,3490,3656,4297
3973,4204,3947,598,2680,2514,3825,3453,3405,2268,4064,3841,2768,3153,2031,3645,3725,4905,4924,3543,3882,3731,3431,3596,4261
3923,4154,3790,963,2544,2465,3690,3404,3356,2345,4015,3676,2611,3230,1896,3509,3560,4611,4766,3407,3833,3682,3295,3460,4103
4044,4275,3802,1055,2587,2585,3732,3525,3476,2437,4135,3688,2623,3323,1938,3552,3572,4623,4779,3449,3953,3802,3337,3503,4116
4210,4441,4412,988,2643,2753,3789,3691,3642,2357,4301,4078,3234,3243,1995,3608,3962,5142,5371,3584,4119,3972,3394,3559,4726
4049,4280,4006,840,2609,2593,3754,3530,3482,2196,4141,3917,2827,3082,1960,3574,3801,4982,4983,3394,3959,3880,3359,3525,4320
4133,4364,3999,1144,2476,2675,3621,3614,3565,2501,4260,3885,2820,3387,1827,3441,3769,4821,4976,3338,4042,3805,3226,3392,4313
3756,3987,4378,418,2717,2298,3759,3237,3188,2304,3848,3624,3200,3025,2068,3682,3508,4688,4917,3657,3666,3515,3467,3633,4692
2140,2112,1082,4535,3614,3747,3247,3169,2974,4663,2471,3427,4520,3659,3385,2820,3444,2872,3101,2670,2050,2853,3039,1757,2878
2734,2689,1803,4060,3344,3911,3037,2959,3325,4109,2261,3900,4967,3449,3115,2551,3917,3583,3812,2400,2644,2643,2770,1487,3599
2024,1996,1216,4482,3498,3630,3131,3052,2858,4547,2354,3310,4403,3542,3268,2704,3327,2756,2985,2554,1933,2737,2923,1641,3012
2084,2057,1277,4543,3490,3691,3183,3104,2919,4598,2406,3371,4464,3594,3260,2696,3388,2817,3046,2545,1994,2788,2915,1633,3073
2439,2411,1632,4278,3252,3819,2945,2866,3273,4361,2168,3726,4819,3356,3022,2458,3743,3171,3401,2308,2349,2551,2677,1395,3428
2211,2184,1404,4346,3252,3819,2945,2866,3046,4360,2168,3498,4591,3356,3022,2458,3515,2944,3173,2308,2121,2550,2677,1395,3200
2376,2330,1459,4125,2986,3553,2679,2600,2967,4095,1902,3542,4609,3090,2756,2192,3559,3121,3350,2042,2286,2285,2411,1129,3255
2426,2380,1579,4246,3036,3603,2729,2650,3017,4144,1952,3591,4659,3140,2806,2242,3608,3193,3422,2092,2335,2335,2461,1179,3375
2287,2241,1356,4022,2897,3464,2590,2511,2878,4006,1813,3453,4520,3002,2668,2103,3470,3136,3365,1953,2197,2196,2322,1040,3151
2557,2511,1625,4291,3167,3734,2860,2781,3148,4275,2083,3722,4789,3271,2937,2373,3739,3405,3635,2222,2466,2465,2592,1310,3421
2875,2830,1944,4213,3285,4052,3178,3100,3466,4368,2402,4041,5108,3590,3055,2598,4058,3724,3953,2448,2785,2784,2710,1628,3740
2130,2084,1606,4188,2740,3307,2433,2354,2721,3849,1656,3296,4363,2845,2511,1946,3313,2979,3208,1796,2040,2039,2165,883,3402
2366,2320,1841,4424,2976,3543,2669,2590,2957,4084,1892,3531,4598,3080,2746,2182,3548,3214,3444,2031,2275,2274,2401,1119,3637
2634,2588,1898,4386,3244,3811,2937,2859,3225,4353,2161,3800,4867,3349,3015,2451,3817,3483,3712,2300,2544,2543,2669,1387,3694
2808,2762,2073,4250,3280,3985,3111,3032,3399,4363,2334,3974,5041,3523,3050,2670,3991,3657,3886,2520,2718,2717,2705,1561,3869
1985,1958,1178,4444,3353,3592,3046,2967,2820,4462,2269,3272,4365,3458,3124,2559,3289,2717,2947,2409,1895,2652,2778,1496,2974
2092,2064,1320,4586,3374,3699,3066,2988,2926,4482,2290,3379,4472,3478,3144,2580,3396,2824,3053,2429,2002,2672,2799,1517,3116
2362,2334,1691,4540,3092,3659,2784,2706,3072,4200,2008,3647,4742,3196,2862,2298,3664,3094,3324,2147,2272,2390,2517,1235,3487
2042,2014,1547,4540,3091,3648,2784,2706,2876,4200,2008,3328,4422,3196,2862,2298,3346,2774,3003,2147,1951,2390,2517,1234,3343
2094,2066,1599,4500,3052,3619,2745,2666,2928,4161,1968,3380,4474,3156,2822,2258,3398,2826,3055,2108,2003,2351,2477,1195,3395
2006,1978,1511,4369,2921,3488,2614,2535,2840,4029,1837,3293,4386,3025,2691,2127,3310,2738,2967,1977,1915,2219,2346,1064,3307
2432,2386,1907,4490,3042,3609,2735,2656,3023,4150,1958,3597,4665,3146,2812,2248,3614,3280,3510,2098,2341,2340,2467,1185,3703
2286,2240,2008,4344,2896,3463,2589,2510,2877,4005,1812,3451,4519,3000,2666,2102,3468,3134,3364,1952,2196,2195,2321,1039,3918
2301,2255,2294,4244,2795,3478,2604,2525,2892,3879,1827,3466,4534,3015,2566,2002,3484,3150,3379,1851,2211,2210,2221,1077,3852
3059,3014,2325,3991,3020,4237,3146,3284,3650,4103,2586,4225,5292,3687,2790,2411,4242,3908,4137,2260,2969,2968,2445,1871,4121
2803,2757,2105,4234,3263,3980,3106,3027,3394,4346,2329,3968,5036,3517,3033,2499,3985,3651,3881,2348,2712,2712,2688,1556,3901
2512,2467,2500,4064,2779,3690,2721,2737,3103,3862,2039,3678,4745,3227,2549,1985,3695,3361,3590,1835,2422,2421,2204,1289,4063
2904,2859,2373,3969,2999,4082,3125,3129,3495,4082,2431,4070,5137,3619,2769,2389,4087,3753,3982,2239,2814,2813,2424,1681,4168
2699,2653,2614,3878,2787,3876,2729,2923,3290,3870,2225,3864,4931,3413,2557,1993,3881,3547,3777,1842,2608,2607,2212,1475,4249
3072,3026,2694,3729,2758,3896,2884,3200,3663,3841,2598,4237,5305,3425,2528,2149,4254,3920,4150,1998,2982,2794,2183,1848,4623
3081,3035,2830,3588,2574,3712,2700,3016,3522,3657,2668,4097,5208,3241,2344,1964,4114,3929,4159,1814,2991,2610,1999,1671,4692
3045,2999,2682,3341,2327,3465,2453,2769,3275,3410,2488,3850,4961,2994,2097,1717,3867,3893,4123,1567,2955,2363,1752,1635,4617
2610,2565,2196,4367,3221,3788,2913,2835,3201,4329,2137,3776,4843,3325,2991,2427,3793,3459,3688,2276,2520,2519,2646,1364,3992
2419,2374,2014,4478,3030,3597,2722,2644,3010,4138,1946,3585,4652,3134,2800,2236,3602,3268,3497,2085,2329,2328,2455,1173,3810
2543,2497,2189,4225,2962,3720,2846,2767,3134,4045,2069,3708,4776,3257,2732,2168,3725,3391,3621,2018,2452,2452,2387,1319,4093
3129,3083,2446,3853,2882,4020,3009,3353,3720,3966,2655,4295,5362,3549,2653,2273,4312,3978,4207,2122,3039,2918,2307,1906,4241
2732,2686,2436,4028,3003,3909,2945,2956,3322,4087,2258,3897,4964,3446,2774,2210,3914,3580,3809,2059,2641,2640,2428,1508,4282
2668,2622,2729,3845,2615,3845,2557,2892,3259,3699,2194,3834,4901,3258,2386,1822,3851,3517,3746,1671,2578,2467,2041,1313,4219
2750,2704,2717,3752,2781,3927,2907,2974,3341,3864,2276,3915,4983,3464,2551,2171,3932,3598,3828,2021,2660,2659,2206,1526,4300
2820,2774,2978,3569,2555,3693,2603,2919,3425,3638,2410,4000,5067,3221,2325,1867,4017,3669,3898,1717,2730,2512,1980,1410,4392
2573,2527,2843,3660,2414,3552,2356,2671,3178,3497,2162,3753,4820,3057,2184,1620,3770,3421,3651,1469,2482,2265,1839,1163,4145
2665,2619,2946,3554,2506,3644,2448,2764,3270,3589,2254,3845,4912,3149,2276,1712,3862,3513,3743,1562,2575,2357,1931,1255,4237
2770,2724,2904,3317,2256,3394,2273,2589,3095,3339,2308,3669,4780,2922,2026,1537,3686,3618,3848,1387,2679,2183,1681,1360,4342
2284,2238,2407,4104,2656,3461,2586,2508,2874,3739,1810,3449,4516,2998,2426,1862,3466,3132,3361,1711,2193,2192,2081,1060,3834
2061,2015,2438,3933,2485,3238,2364,2285,2652,3568,1587,3226,4294,2775,2255,1691,3243,2909,3139,1541,1970,1969,1910,729,3570
2363,2317,2740,3812,2363,3540,2305,2587,2954,3447,1889,3529,4596,3077,2134,1570,3546,3212,3441,1419,2273,2215,1789,890,3872
1887,1841,2236,3539,2090,3037,2032,2084,2450,3174,1386,3025,4092,2574,1861,1296,3042,2736,2965,1146,1797,1768,1515,387,3368
2176,2130,2616,3465,2017,3155,1959,2274,2781,3100,1765,3356,4423,2660,1787,1223,3373,3024,3254,1072,2085,1868,1442,766,3748
2394,2348,2834,3683,2235,3373,2177,2492,2999,3318,1983,3574,4641,2878,2005,1441,3591,3242,3472,1290,2303,2086,1660,984,3966
2416,2371,2857,3706,2257,3301,2104,2419,2925,3341,2006,3500,4611,2805,2028,1368,3517,3265,3494,1217,2326,2013,1683,1007,3988
2134,2089,2482,4087,2638,3312,2437,2359,2725,3722,1661,3300,4367,2849,2409,1845,3317,2983,3212,1694,2044,2043,2064,911,3685
1929,1883,2306,3765,2316,3106,2232,2153,2520,3400,1455,3095,4162,2644,2087,1523,3112,2778,3007,1372,1839,1838,1742,541,3438
1465,1419,2779,3872,2424,2666,1791,1713,2070,3207,1015,2645,3712,2203,2194,1205,2662,2313,2543,1028,1375,1397,1678,669,3412
1646,1600,2588,3776,2328,2846,1972,1894,2309,3388,1196,2914,4007,2384,2099,1396,2931,2494,2724,1219,1555,1578,1753,580,3593
1684,1638,2682,3709,2261,2885,1829,1932,2244,3344,1300,2818,3886,2422,2031,1134,2835,2533,2762,984,1594,1616,1607,712,3632
1647,1651,3041,3993,2388,2698,1595,1745,2011,3139,1035,2586,3653,2235,2315,1002,2603,2546,2775,775,1557,1429,1549,962,3613
1688,1642,2897,3855,2276,2822,1615,1869,2128,3208,1152,2702,3770,2359,2178,939,2719,2536,2766,754,1597,1525,1412,841,3635
1545,1709,3194,4021,2175,2509,1332,1556,1823,2926,935,2398,3465,2047,2343,740,2415,2604,2833,512,1455,1242,1436,1157,3671
1984,1938,2361,3636,2188,3161,2130,2208,2575,3271,1510,3149,4216,2698,1958,1394,3166,2832,3062,1244,1893,1892,1613,511,3493
2496,2451,2742,3861,2413,3551,2355,2671,3087,3496,2023,3662,4729,3056,2183,1619,3679,3345,3574,1469,2406,2265,1838,1024,4005
1996,1950,2609,3636,2188,3079,1882,2224,2510,3271,1560,3084,4152,2583,1958,1146,3101,2845,3074,995,1906,1791,1613,759,3741
2127,2081,2504,3370,1922,3060,1864,2180,2599,3005,1654,3174,4241,2565,1693,1128,3191,2976,3205,978,2037,1774,1347,654,3636
1913,1867,2756,3555,2107,2823,1626,1942,2279,3137,1359,2854,3921,2327,1877,891,2871,2762,2991,740,1823,1536,1363,906,3860
2547,2501,2987,3535,2324,3363,2166,2482,2988,3407,2137,3562,4673,2867,2094,1430,3579,3396,3625,1280,2457,2075,1772,1138,4119
3224,3178,2841,3001,2117,3325,2548,2864,3370,2966,2583,3944,3911,3088,1642,1812,3962,4072,4302,1662,3134,2458,1847,1751,4732
3318,3272,2881,2982,2217,3425,2642,2958,3464,3066,2677,4039,4350,3183,1742,1906,4056,4166,4396,1756,3228,2552,1941,1845,4677
2255,2209,2632,3314,1866,2946,1750,2065,2571,2949,1784,3146,4257,2451,1636,1014,3163,3104,3333,863,2165,1659,1291,782,3764
2173,2176,2599,3236,1787,2694,1497,1812,2318,2834,1532,2893,4004,2198,1558,761,2910,3071,3300,610,2082,1406,1102,749,3731
2599,2552,2975,3445,1997,3119,1923,2238,2744,3080,1958,3319,4430,2624,1767,1187,3336,3447,3676,1036,2508,1832,1422,1125,4107
2097,2296,2718,3297,1849,2618,1421,1736,2242,2810,1456,2817,3928,2122,1619,685,2834,3190,3419,534,2006,1330,1026,869,3850
2357,2472,2895,3169,1357,2464,1425,1778,2502,2410,1715,3077,3936,1993,1491,700,3094,3367,3596,767,2266,1565,692,1045,4027
2434,2388,2811,2956,1508,2646,1666,1960,2693,2591,1906,3268,4118,2175,1278,993,3285,3282,3511,985,2343,1806,933,961,3942
2563,2502,2924,2847,1155,2443,1463,1757,2679,2286,1922,3283,3914,1972,1169,906,3253,3396,3625,974,2473,1603,730,1075,4056
2927,2881,2610,3139,2124,3263,2251,2567,3073,3208,2286,3647,4758,2791,1895,1515,3664,3775,4004,1365,2837,2160,1550,1454,4435
2691,2645,2994,3337,1889,3027,2015,2331,2837,2972,2050,3412,4523,2556,1659,1279,3429,3539,3769,1129,2601,1925,1314,1218,4200
2841,2795,2785,2945,2038,3176,2165,2481,2987,3122,2200,3561,4313,2705,1809,1429,3578,3689,3918,1279,2751,2074,1464,1368,4349
3135,3088,3215,3094,1852,3099,2343,2637,3280,2740,2493,3855,3685,2852,1416,1723,3872,3983,4212,1572,3044,2368,1610,1661,4643
3195,3149,3193,2888,1645,2893,2267,2561,3483,2534,2726,4088,3479,2776,1210,1711,4057,4044,4273,1778,3105,2407,1534,1722,4704
2699,2653,3076,2786,1383,2751,1771,2065,2987,2432,2230,3592,3377,2280,1108,1215,3561,3548,3777,1282,2609,1911,1038,1226,4208
2719,2673,3096,2751,1249,2794,1813,2107,2974,2380,2192,3553,3342,2322,1073,1295,3604,3567,3797,1270,2628,2043,1143,1246,4228
3095,3049,3290,2685,1442,2690,2226,2520,3442,2330,2568,3929,3276,2735,1007,1671,3900,3943,4173,1646,3004,2366,1494,1622,4604
3280,3234,3052,2830,1627,2835,2413,2707,3627,2476,2752,4114,3421,2922,1152,1856,4045,4128,4357,1831,3189,2551,1678,1807,4788
2726,2679,3066,3333,2113,3246,2050,2365,2871,3196,2085,3446,4557,2751,1883,1314,3463,3574,3803,1163,2635,1959,1538,1252,4234
2445,2399,2821,3132,1684,2822,1769,2084,2591,2767,1804,3165,4276,2351,1455,1033,3182,3293,3522,883,2355,1678,1109,972,3953
2784,2738,3161,3015,1567,2892,1912,2206,3128,2698,2257,3618,3606,2421,1337,1344,3636,3633,3862,1336,2694,2052,1179,1311,4293
1923,2068,2874,4642,4205,2991,3264,2618,2060,3745,2720,1508,1850,3195,4272,3407,1339,1083,1018,3180,1994,2878,3815,3103,1032
1705,1841,2928,4572,3926,2712,2985,2339,1781,3688,2466,1373,1794,2915,4215,3285,1220,937,976,2926,1776,2599,3536,2915,1281
1697,1834,3083,4403,3919,2658,2978,2331,1773,3476,2458,1220,1582,2908,4004,3277,1051,1037,1060,2918,1768,2591,3528,2949,1303
1801,1938,3240,4209,3951,2588,3010,2363,1827,3311,2577,1150,1417,2981,3839,3309,981,1241,1264,3036,1872,2645,3560,3054,1400
1207,1344,2898,4169,3492,2309,2551,1905,1347,3402,1969,1052,1547,2481,3785,2656,973,887,1002,2428,1278,2165,3102,2460,1672
1411,1547,3102,4278,3657,2418,2716,2070,1533,3394,2172,1079,1500,2649,3921,2859,926,1090,1151,2631,1482,2351,3267,2663,1544
1142,1278,2833,4008,3331,2148,2390,1744,1186,3240,1740,909,1669,2320,3624,2427,957,821,1051,2200,1213,2004,2940,2394,1894
1475,1612,3166,4106,3470,2246,2529,1882,1324,3338,2074,908,1618,2459,3722,2828,896,1155,1370,2534,1546,2142,3079,2728,1824
1824,1960,3515,4217,3627,2388,2686,2040,1503,3470,2253,1034,1576,2619,3832,2986,865,1503,1679,2713,1895,2321,3237,3076,2034
1506,1818,3529,3663,3087,1848,2146,1500,1031,2893,1849,420,1660,2079,3278,2446,468,1517,1692,2342,1510,1751,2697,2853,2146
1372,1618,3233,3788,3110,1928,2169,1523,965,3020,1715,808,1972,2100,3403,2469,857,1326,1555,2175,1375,1783,2720,2719,2276
1101,1363,3068,3669,2992,1809,2051,1405,847,2902,1596,816,1972,1981,3285,2350,864,1162,1391,2056,1110,1665,2602,2479,2234
1027,1339,3283,3582,2765,1780,1824,1178,620,2772,1370,950,2119,1755,3197,2124,992,1544,1773,1830,1030,1438,2375,2374,2616
1365,1677,3517,3505,2949,1710,2008,1362,893,2735,1708,498,1682,1941,3120,2308,547,1610,1839,2168,1369,1613,2559,2712,2408
1903,2040,3400,4100,3941,2484,3000,2354,1886,3148,2679,1122,1254,2952,3675,3300,952,1448,1472,3138,1974,2605,3551,3156,1557
1614,1750,3305,3950,3664,2282,2723,2077,1639,3053,2389,844,1159,2674,3580,3023,675,1293,1468,2849,1685,2328,3274,2866,1671
1705,2017,3621,3703,3286,1953,2345,1699,1230,2932,2048,460,1446,2278,3318,2645,348,1609,1785,2541,1709,1950,2896,3052,2041
1059,1371,3315,3103,2355,1302,1414,768,208,2369,1301,1028,1806,1345,2719,1714,1045,1860,2089,1611,1083,1019,1965,2181,2932
941,1180,2880,3871,3126,2011,2185,1539,981,3103,1552,1033,1930,2116,3487,2239,1081,982,1212,2011,951,1799,2736,2296,2055
1074,1385,3156,3574,2812,1713,1871,1225,667,2806,1417,771,1938,1801,3189,2171,810,1335,1565,1876,1077,1485,2422,2421,2408
1027,1339,3283,3219,2534,1417,1593,947,389,2495,1294,802,1873,1530,2834,1893,819,1705,1934,1754,1088,1207,2144,2231,2655
2022,2159,3713,4072,3941,2492,3082,2435,1967,3121,2785,1096,1226,2940,3648,3381,917,1702,1756,3278,2093,2686,3632,3275,1842
1778,2089,3994,2526,2335,825,1920,1397,1047,1756,2008,1322,1442,1218,2142,2315,1206,2402,2632,2212,1826,1621,2364,2783,3352
1896,2032,3587,3668,3563,2052,2622,1975,1507,2846,2325,673,1157,2493,3283,2921,494,1575,1751,2818,1967,2226,3172,3148,1919
1822,2133,3979,3532,3349,1917,2598,1952,1415,2711,2165,581,1277,2232,3147,2897,342,1968,2143,2624,1825,2203,3149,3168,2400
2008,2322,3877,3412,3361,1797,2674,2152,1602,2642,2351,768,1007,2244,3027,3084,529,1865,2040,2811,2012,2389,3194,3355,2209
2196,2425,3979,3375,3246,1759,2664,2141,1622,2426,2539,956,832,2233,2990,3036,717,1967,2143,2932,2199,2341,3183,3541,2311
1439,1750,3695,3376,3152,1562,2211,1565,1032,2606,1782,442,1557,1955,2992,2511,425,1807,2037,2241,1442,1850,2762,2785,2516
1515,1827,3771,3115,2986,1500,2268,1622,1108,2345,1858,421,1204,1868,2730,2568,305,1884,2113,2318,1518,1873,2819,2862,2457
1832,2144,4088,3290,3160,1674,2474,1951,1425,2519,2175,738,1181,2043,2905,2885,535,2122,2298,2635,1835,2190,2993,3179,2470
2024,2336,4173,3029,3028,1414,2432,1909,1391,2208,2388,928,775,2002,2644,2804,689,2162,2337,2701,2027,2109,2952,3271,2505
1822,2134,4078,2948,2819,1333,2132,1610,1091,2178,2089,775,1164,1702,2564,2504,659,2238,2467,2401,1882,1809,2652,2972,2828
1316,1628,3573,3246,2876,1386,1936,1289,822,2479,1660,733,1857,1779,2862,2235,723,1716,1945,2132,1320,1540,2486,2663,2665
1617,1928,3873,3048,2744,1234,1999,1353,886,2277,1883,663,1455,1626,2663,2299,547,2007,2236,2195,1677,1604,2550,2766,2699
1528,1840,3784,2903,2553,1043,1866,1344,797,2135,1794,862,1475,1436,2519,2210,746,2040,2269,2107,1588,1515,2386,2677,2898
1831,2143,4087,2790,2828,1175,2141,1619,1100,2020,2098,924,1065,1711,2405,2513,808,2387,2616,2410,1891,1818,2661,2981,2855
1777,2088,4033,2627,2577,1012,2080,1557,1046,1857,2043,1037,1227,1459,2243,2459,921,2401,2631,2355,1837,1764,2599,2926,3073
1349,1661,3606,2810,2272,1009,1405,883,473,2076,1554,1166,1712,1161,2426,1767,1050,2073,2302,1664,1348,1073,1925,2235,3022
1612,1924,3868,2650,2412,902,1915,1393,881,1880,1879,1087,1445,1295,2266,2295,971,2237,2466,2191,1673,1600,2435,2762,3123
2165,2477,4421,2535,2565,920,2393,1870,1434,1765,2432,1574,1365,1654,2150,2789,1458,2789,3019,2685,2225,2094,2837,3256,3487
2194,2506,4450,2564,2594,949,2422,1899,1463,1794,2461,1461,1252,1684,2180,2818,1345,2819,3048,2714,2254,2123,2866,3285,3374
1439,1750,3695,2915,2578,1055,1712,1093,708,2147,1705,1102,1525,1448,2530,2039,986,2063,2293,1936,1499,1344,2231,2506,3013
2521,2658,4010,3344,3213,2250,3354,2831,2312,2392,3189,1606,532,2923,2920,3725,1366,2200,2259,3622,2592,3031,3873,3773,2341
2127,2439,4288,3011,2939,1396,2489,1966,1447,2118,2445,1033,665,2058,2646,2861,917,2277,2452,2757,2131,2166,3008,3328,2620
2853,2990,4172,3216,3085,2195,3528,3006,2487,2264,3485,1938,652,2930,2792,3900,1698,2533,2591,3797,2924,3206,3826,4106,2501
2879,3015,4056,3134,3002,2112,3508,2985,2467,2182,3464,1963,632,2847,2709,3880,1724,2558,2734,3776,2950,3185,3744,4131,2733
2728,3039,3987,2611,2479,1590,3038,2515,1997,1659,2994,1646,588,2324,2187,3410,1530,2821,2996,3306,2788,2715,3221,3877,3164
2158,2295,3849,3711,3579,2260,3138,2616,2076,2759,2826,1243,864,2708,3286,3559,1004,1838,1867,3286,2229,2864,3658,3411,1952
1989,2126,3680,3516,3385,1892,2915,2392,1874,2564,2657,1074,670,2484,3092,3287,834,1669,1844,3117,2060,2592,3434,3242,2012
2260,2396,3951,3404,3272,2016,3153,2631,2112,2452,2927,1344,558,2723,2979,3525,1105,1939,2114,3387,2331,2830,3673,3512,2278
2610,2747,4301,3298,3166,2079,3239,2717,2198,2346,3196,1695,360,2813,2873,3611,1455,2289,2465,3508,2681,2916,3759,3862,2633
2636,2772,3980,3057,2926,2036,3265,2742,2224,2105,3221,1720,389,2771,2633,3637,1481,2315,2491,3533,2707,2942,3667,3888,2680
2436,2573,4127,3270,3139,1736,2889,2366,1847,2318,2845,1301,509,2458,2846,3261,1062,2116,2291,3157,2507,2566,3408,3689,2460
2511,2760,4314,3110,2978,1633,2821,2299,1780,2158,2778,1462,307,2368,2685,3193,1223,2303,2478,3090,2572,2499,3341,3661,2646
2691,2891,3959,2936,2804,1756,3001,2478,1960,1984,2957,1619,201,2491,2511,3373,1380,2434,2609,3269,2751,2678,3520,3840,2778
2356,2668,4363,2934,2802,1421,2666,2143,1625,1982,2622,1274,566,2156,2509,3038,1098,2352,2527,2935,2416,2343,3186,3505,2695
2162,2473,4418,2715,2745,1100,2472,1949,1431,1945,2428,1317,863,1835,2331,2844,1201,2641,2816,2740,2222,2149,2980,3311,2985
3146,3283,3649,2809,2677,1787,3265,2743,2597,1857,3354,2231,825,2522,2384,3716,1991,2826,3001,3612,3217,3021,3419,3949,2874
2883,3080,3727,2772,2640,1750,3193,2670,2152,1820,3149,1800,623,2485,2348,3565,1685,2623,2799,3461,2943,2870,3382,3912,2967
2214,2526,4470,2690,2719,1074,2511,1988,1483,1920,2481,1404,983,1809,2305,2896,1288,2839,3068,2793,2274,2202,2955,3364,3116
3053,3185,3640,2501,2369,1479,2957,2435,2322,1549,3045,1971,845,2214,2076,3407,1855,2895,3071,3304,2863,2713,3111,3641,3239
3427,3563,3253,2566,2813,1923,3402,2879,2766,1993,3490,2415,1106,2658,2520,3852,2272,3106,3281,3748,3308,3157,3555,4085,2893
3445,3750,3471,2784,2860,1970,3449,2926,2943,2040,3537,2592,1292,2705,2568,3899,2458,3293,3468,3795,3355,3204,3602,4132,3292
3145,3376,3698,2691,2560,1670,3148,2626,2564,1740,3236,2213,1243,2405,2267,3598,2097,3243,3419,3495,3054,2903,3302,3832,3587
2780,3011,3847,2327,2195,1305,2784,2261,2212,1375,2872,2048,1084,2040,1902,3234,1932,3286,3462,3130,2690,2539,2937,3467,3630
2990,3221,4017,2537,2405,1515,2993,2471,2422,1585,3081,2283,1253,2250,2112,3443,2167,3456,3631,3340,2900,2749,3147,3677,3799
2637,2948,4104,2736,2604,1466,2903,2380,1906,1784,2903,1554,714,2201,2311,3319,1439,2780,2955,3215,2697,2624,3347,3786,3123
2792,3023,3703,2339,2207,1317,2796,2273,2237,1387,2884,1885,958,2052,1914,3246,1769,2959,3134,3142,2702,2551,2949,3479,3302
2789,3100,3691,2315,2184,1294,2772,2249,2058,1363,2860,1706,743,2028,1891,3222,1591,2932,3107,3119,2678,2527,2925,3455,3275
2901,3133,3796,2448,2317,1427,2905,2382,2321,1496,2993,1970,1006,2161,2024,3355,1854,3256,3432,3252,2811,2660,3058,3588,3600
3088,3319,3560,2634,2503,1613,3091,2568,2554,1683,3179,2203,1072,2348,2210,3541,2087,3072,3248,3438,2997,2846,3245,3775,3416
2942,3173,3830,2489,2357,1467,2946,2423,2308,1537,3034,1957,993,2202,2065,3396,1841,3182,3357,3292,2852,2701,3099,3629,3526
3077,3308,3801,2624,2492,1602,3081,2558,2497,1672,3169,2145,1169,2337,2199,3531,2029,3169,3345,3427,2987,2836,3234,3764,3513
3721,3952,3955,3047,3136,2246,3724,3202,3169,2316,3812,2818,1842,2981,2843,4174,2702,3842,4018,4071,3630,3479,3878,4408,4186
3404,3635,4102,2951,2819,1930,3408,2885,2836,1999,3496,2617,1588,2664,2527,3858,2501,3588,3764,3754,3314,3163,3561,4091,3932
3614,3845,4056,2765,3029,2139,3617,3095,3046,2209,3705,2827,1904,2874,2736,4067,2711,3904,4080,3964,3523,3373,3771,4301,4248
3734,3965,3829,2842,3149,2259,3737,3215,3196,2329,3825,2845,1847,2994,2856,4187,2729,3848,4023,4084,3643,3493,3891,4421,4055
3664,3800,3157,2470,3033,2143,3621,3099,3003,2213,3709,2652,1343,2878,2740,4071,2509,3343,3519,3968,3528,3377,3775,4305,3086
3441,3672,3477,2522,2856,1966,3444,2922,2885,2036,3532,2534,1433,2701,2563,3894,2418,3433,3608,3791,3350,3200,3598,4128,3393
3553,3784,3101,2363,2968,2078,3556,3034,2997,2148,3645,2646,1501,2813,2675,4007,2530,3502,3677,3903,3463,3312,3710,4240,3189
3551,3783,3327,2640,2967,2077,3555,3032,2996,2146,3643,2645,1630,2812,2674,4005,2529,3630,3806,3902,3461,3310,3708,4238,3256
3410,3642,3307,2289,2826,1936,3414,2891,2855,2005,3502,2504,1439,2671,2533,3864,2388,3439,3614,3761,3320,3169,3567,4097,3502
3574,3805,3331,2041,2990,2100,3578,3055,3019,2169,3666,2668,1603,2834,2517,4028,2552,3603,3778,3924,3484,3333,3731,4081,3645
3936,4167,3631,2341,3351,2461,3940,3417,3380,2531,4028,3029,1964,3196,2817,4390,2913,3964,4140,4286,3846,3695,4093,4382,3945
3872,4103,3655,2364,3287,2397,3876,3353,3304,2467,3964,3085,1987,3132,2840,4326,2969,3987,4163,4222,3782,3631,4029,4405,3968
3798,4029,3851,2560,3213,2323,3801,3279,3230,2393,3889,3011,2088,3058,2920,4251,2895,4088,4264,4148,3707,3557,3955,4485,4339
3780,4011,3817,2526,3196,2306,3784,3261,3213,2375,3872,2993,2070,3040,2903,4234,2877,4071,4246,4130,3690,3539,3937,4467,4131
3414,3646,3569,2551,2830,1940,3418,2895,2834,2009,3506,2483,1418,2674,2537,3868,2367,3418,3593,3765,3324,3173,3571,4101,3664
3349,3580,3684,2666,2764,1874,3352,2829,2768,1943,3440,2417,1419,2609,2471,3802,2301,3419,3595,3699,3258,3107,3506,4035,3763
3215,3446,3314,2296,2630,1740,3218,2696,2659,1810,3307,2308,1243,2475,2337,3669,2192,3243,3419,3565,3125,2974,3372,3902,3378
3317,3548,3335,2317,2732,1842,3320,2797,2761,1912,3408,2410,1345,2577,2439,3770,2294,3345,3520,3667,3226,3075,3474,4004,3561
3418,3649,3256,2238,2833,1943,3421,2899,2862,2013,3510,2511,1446,2678,2540,3872,2395,3446,3622,3768,3328,3177,3575,4105,3693
3566,3797,3621,2603,2981,2091,3569,3047,2985,2161,3658,2634,1636,2826,2688,4019,2518,3637,3812,3916,3476,3325,3723,4253,3846
3580,3811,3474,2527,2995,2105,3584,3061,3024,2175,3672,2673,1608,2840,2702,4034,2557,3608,3784,3930,3490,3339,3737,4267,3824
3823,4055,3631,2520,3239,2349,3827,3304,3268,2418,3915,2917,1852,3083,2946,4277,2801,3852,4027,4174,3733,3582,3980,4510,4039
3609,3840,3417,2321,3024,2134,3613,3090,3054,2204,3701,2702,1637,2869,2731,4063,2586,3638,3813,3959,3519,3368,3766,4296,3825
3786,4017,3557,2266,3201,2311,3789,3267,3230,2381,3878,2879,1814,3046,2742,4239,2763,3814,3990,4136,3696,3545,3943,4307,4002
3780,4011,3799,2778,3196,2306,3784,3261,3237,2375,3872,2886,1809,3040,2903,4234,2770,3809,3984,4130,3690,3539,3937,4467,4025
3936,3889,3147,2615,1805,3060,3105,3317,3951,2701,3294,4387,3983,3517,1410,2524,4271,4784,5013,2373,3845,3289,2535,2462,4943
3305,3259,3448,2287,1072,2292,2372,2584,3183,1933,2778,3618,2878,2784,677,1881,3502,4154,4383,1857,3215,2556,1704,1832,4814
3447,3401,2729,2535,1659,2878,2578,2872,3794,2519,2920,4205,3464,3087,1263,2023,4089,4295,4525,1998,3356,2718,1846,1974,4525
3573,3527,3170,2796,1546,2801,2704,2998,3692,2442,3046,4128,3387,3213,1151,2149,4012,4421,4651,2124,3482,2844,1972,2100,5082
3404,3334,3757,1999,873,2004,2035,2247,2894,1709,2827,3330,2590,2372,301,1956,3214,4229,4458,1931,3314,2219,1649,1907,4889
3171,3125,3548,2097,934,2102,2234,2446,2992,1743,2643,3428,2688,2646,419,1747,3312,4019,4249,1722,3080,2442,1570,1698,4679
3486,3440,3863,2014,1037,2019,2160,2372,2910,1660,2952,3346,2605,2497,476,2062,3230,4335,4564,2038,3396,2344,1848,2013,4995
3552,3506,3868,2080,1087,2085,2210,2422,2975,1725,3002,3411,2671,2547,514,2128,3295,4400,4630,2103,3461,2394,1913,2079,5061
3615,3569,3499,2503,1253,2508,2553,2765,3399,2149,3088,3834,3094,2964,857,2192,3718,4464,4693,2167,3525,2736,2003,2142,5124
3680,3647,3771,2221,1188,2226,2311,2523,3117,1867,3103,3552,2812,2648,655,2269,3436,4542,4771,2245,3589,2494,2055,2220,5202
3597,3618,3585,2192,1105,2197,2228,2440,3088,1902,3020,3523,2783,2565,626,2240,3407,4513,4742,2216,3507,2412,2094,2191,5173
4164,4185,3491,2670,1672,2764,2795,3007,3655,2469,3587,4090,3350,3132,1193,2807,3974,5079,5309,2717,4074,2979,2661,2758,5286
2941,2895,3318,2113,877,2118,2059,2270,3009,1759,2413,3445,2704,2433,435,1517,3329,3789,4019,1492,2850,2242,1302,1468,4449
2847,2801,3224,2288,1125,2293,1979,2273,3195,1934,2320,3619,2879,2488,610,1424,3504,3696,3925,1399,2757,2119,1246,1374,4356
3161,3115,3304,2471,1257,2476,2292,2586,3367,2117,2634,3803,3062,2801,861,1737,3687,4009,4239,1712,3070,2432,1560,1688,4670
3327,3281,3704,2124,874,2129,2174,2386,3020,1770,2800,3456,2715,2586,388,1903,3340,4175,4405,1878,3236,2358,1624,1854,4836
3470,3424,3522,2267,1017,2272,2317,2529,3163,1913,2942,3599,2858,2729,621,2046,3483,4318,4548,2021,3379,2501,1767,1997,4979
3903,3857,3351,2666,1554,2810,2854,3066,3700,2450,3375,4136,3396,3266,1159,2479,4020,4751,4981,2454,3812,3038,2305,2430,5147
3787,3742,3184,2363,1335,2567,2598,2810,3458,2272,3260,3894,3153,2936,939,2364,3778,4636,4865,2339,3697,2782,2085,2315,4980
3979,3933,3278,2457,1526,2782,2826,3038,3672,2422,3452,4108,3368,3238,1131,2555,3992,4828,5057,2531,3889,3010,2277,2506,5074
4183,4204,3471,2650,1691,2783,2814,3026,3674,2488,3606,4109,3369,3151,1213,2826,3993,5099,5328,2697,4093,2998,2680,2777,5266
2929,3160,4380,1912,1343,1313,2339,2344,2361,831,3080,2797,1862,1800,1230,2534,2681,3861,4090,2786,2838,2522,2204,2794,4810
3521,3752,4564,2435,1029,1933,2152,2364,2982,1288,2944,3417,2482,2144,1149,2347,3301,4481,4711,2600,3431,2336,2018,2714,5431
3364,3606,4029,1900,931,1906,2054,2266,2796,1523,2846,3232,2492,2379,615,2229,3116,4296,4525,2204,3274,2238,1920,2179,5161
3296,3429,3852,1833,1086,1838,2209,2421,2728,1478,3001,3164,2424,2364,438,2051,3048,4228,4457,2027,3206,2393,1837,2002,4984
3777,3933,4092,2198,1616,2331,2739,2951,3210,1935,3531,3645,2880,2820,942,2555,3529,4710,4939,2531,3687,2923,2341,2506,5488
3028,3259,4479,2012,1442,1454,2438,2444,2460,931,3180,2896,1961,1900,1329,2633,2780,3960,4190,2886,2938,2622,2304,2894,4910
3155,3386,4606,2139,1145,1539,2141,2133,2587,891,2868,3023,2088,1747,1453,2336,2907,4087,4317,2588,3065,2325,2007,3017,5037
3293,3524,4520,2277,1022,1677,2145,2274,2726,1032,2937,3161,2227,1888,1105,2340,3045,4225,4455,2592,3203,2328,2010,2670,5175
3265,3496,4550,2083,1680,1649,2676,2681,2698,1168,3417,3133,2199,2137,1391,2871,3017,4198,4427,2980,3175,2859,2541,2955,5147
3043,3274,4293,1697,1527,1427,2661,2419,2475,1030,3196,2911,1976,1916,879,2492,2795,3975,4204,2468,2952,2714,2278,2443,4924
3461,3692,4180,2054,969,2022,2092,2304,2950,1437,2884,3386,2571,2293,765,2287,3270,4450,4679,2354,3371,2276,1958,2330,5312
3442,3673,4349,2042,1320,1826,2443,2539,2875,1298,3275,3310,2376,2154,934,2548,3194,4375,4604,2523,3352,2627,2309,2499,5324
3218,3449,4175,1872,1385,1602,2508,2594,2650,1206,3300,3086,2151,2091,761,2374,2970,4150,4379,2350,3128,2692,2160,2325,5100
3268,3507,3930,1804,1165,1810,2310,2522,2700,1450,3026,3136,2396,2336,516,2130,3020,4200,4429,2105,3178,2493,1915,2080,5062
3159,3390,3964,1696,1346,1701,2491,2640,2592,1342,3207,3027,2287,2227,697,2311,2911,4091,4321,2286,3069,2675,2096,2262,5041
3149,3380,4347,1880,1716,1458,2712,2451,2581,1204,3329,3017,2096,2135,1197,2811,2901,4081,4310,2786,3059,2896,2578,2762,5031
3428,3659,4142,1965,1376,1970,2499,2711,2860,1610,3291,3296,2556,2496,727,2341,3180,4360,4590,2316,3338,2683,2127,2292,5274
3521,3655,3876,2058,1312,2063,2435,2647,2954,1722,3227,3390,2668,2608,663,2277,3274,4454,4683,2252,3431,2618,2062,2228,5209
3348,3580,4114,1885,1491,1897,2614,2826,2781,1501,3406,3216,2446,2386,843,2457,3101,4281,4510,2432,3258,2798,2242,2408,5230
3030,3261,4229,1762,1771,1414,2767,2406,2462,1018,3183,2898,1963,1903,1079,2693,2782,3962,4191,2668,2939,2701,2478,2644,4912
3075,3306,4227,1760,1726,1459,2820,2452,2507,1063,3228,2943,2008,1948,1077,2691,2827,4007,4236,2666,2985,2746,2476,2642,4957
3040,3271,4078,1342,1576,1538,2721,2530,2472,1141,3131,2908,2087,2027,927,2541,2792,3972,4201,2516,2949,2825,2327,2492,4921
3118,3349,4330,1058,1806,1660,2952,2599,2550,1394,3210,2986,2228,2280,1158,2771,2870,4050,4279,2747,3028,2877,2557,2722,5000
3237,3468,3992,1421,1226,1578,2371,2570,2670,1182,3088,3105,2127,2067,577,2191,2989,4170,4399,2166,3147,2555,1977,2142,5119
3491,3722,4534,1272,1769,1989,2914,2981,2923,1592,3582,3359,2538,2478,1120,2734,3243,4423,4652,2709,3400,3098,2519,2684,5373
3104,3335,4289,998,2054,1646,3107,2585,2536,1703,3195,2972,2214,2373,1406,3019,2856,4036,4265,2995,3013,2863,2805,2970,4603
3424,3655,4508,948,1984,1968,3129,2905,2857,1572,3516,3292,2517,2457,1335,2949,3176,4357,4586,2924,3334,3255,2734,2900,4868
3394,3625,3619,1636,1706,1936,2851,2875,2826,1576,3486,3262,2522,2462,1057,2671,3146,4326,4555,2646,3304,3035,2456,2622,4723
3727,3958,4685,1100,2039,2350,3184,3208,3159,1954,3818,3595,2899,2839,1390,3004,3479,4659,4888,2979,3636,3368,2789,2954,4966
2965,3196,4236,1492,1735,1507,2880,2446,2397,1384,3057,2833,2075,2234,1086,2700,2717,3897,4126,2675,2875,2724,2485,2651,4847
2951,3182,4222,1328,1721,1493,2866,2432,2383,1370,3043,2819,2061,2220,1072,2686,2703,3883,4112,2661,2861,2710,2471,2637,4833
3082,3313,4266,1201,1896,1623,3041,2563,2514,1544,3173,2950,2192,2351,1247,2860,2834,4014,4243,2836,2991,2841,2646,2811,4580
3012,3243,4284,1369,1782,1554,2927,2493,2444,1344,3104,2880,2122,2230,1133,2747,2764,3944,4174,2722,2922,2771,2533,2698,4894
3331,3562,4537,1136,2014,1873,3159,2812,2763,1601,3423,3199,2441,2487,1365,2979,3083,4263,4493,2954,3241,3090,2764,2929,5213
3021,3252,4214,1675,1449,1405,2594,2398,2453,1009,3174,2889,1954,1894,800,2414,2773,3953,4182,2389,2931,2692,2199,2364,4903
3169,3400,4244,1434,1479,1667,2624,2660,2601,1271,3261,3037,2216,2156,830,2444,2921,4101,4331,2419,3079,2808,2229,2395,5051
3243,3474,4236,1822,1470,1627,2615,2619,2675,1231,3396,3111,2176,2116,821,2435,2995,4175,4404,2410,3152,2799,2221,2386,5124
3180,3411,4218,1223,1631,1678,2776,2670,2612,1282,3272,3048,2227,2167,982,2596,2932,4112,4342,2571,3090,2965,2382,2547,5062
3290,3521,4313,1407,1547,1788,2692,2781,2722,1392,3409,3158,2337,2277,898,2512,3042,4222,4452,2487,3200,2876,2298,2463,5172
3411,3642,4522,861,2088,1953,3234,2892,2843,1676,3503,3279,2521,2562,1440,3053,3163,4343,4572,3029,3321,3170,2839,3004,4836
3365,3597,4170,1957,1535,1919,2680,2892,2798,1523,3397,3234,2468,2408,886,2500,3118,4298,4527,2475,3275,2864,2286,2451,5247
3052,3076,2199,3963,5175,4297,4596,3949,3392,4354,3903,2971,2673,4526,4440,4518,2802,1982,1767,4291,3134,4210,5042,3864,698
2743,2753,1883,4136,5142,4421,4296,3797,3239,4799,3520,3110,3118,4374,4612,4157,2956,1821,1606,3930,2811,3902,4680,3503,767
3155,3145,2524,4099,4889,4011,4496,3850,3292,4069,3952,2685,2387,4426,4596,4639,2516,2077,1738,4412,3203,4110,5047,4180,991
2436,2460,2245,4732,4996,3855,4085,3439,2881,4592,3287,2446,2768,4015,5087,4011,2277,1366,1151,3783,2518,3699,4605,3456,206
2506,2530,2327,4653,4872,3701,3931,3285,2727,4438,3281,2292,2614,3861,4966,3968,2123,1461,1080,3741,2588,3545,4482,3538,304
2841,2851,2074,4030,5240,4396,4394,3895,3337,4484,3617,2988,2803,4472,4506,4255,2819,1879,1663,4027,2909,4000,4778,3601,729
2289,2299,1669,4461,4688,3945,3842,3343,2785,4937,3065,3004,3389,3919,4571,3703,2851,1687,1471,3475,2357,3448,4226,3049,735
2265,2275,1645,4589,4664,3921,3818,3319,2761,4913,3041,2913,3333,3896,4547,3679,2760,1595,1380,3451,2333,3424,4202,3025,724
2872,2896,2215,4171,5329,4339,4573,3926,3368,4509,3723,2931,2828,4503,4648,4346,2762,1802,1587,4119,2954,4186,4870,3692,573
2735,2710,2080,4258,5099,4265,4253,3789,3231,4702,3476,2954,3021,4365,4983,4114,2800,1665,1450,3887,2768,3859,4637,3460,611
2726,2750,2377,4406,5286,4256,4426,3780,3222,4575,3577,2804,2894,4356,5103,4300,2635,1656,1441,4073,2808,4040,4791,3614,428
2781,2805,2449,4356,5161,4091,4321,3675,3117,4341,3633,2682,2660,4251,4868,4356,2513,1712,1496,4129,2864,3935,4872,3778,428
2420,2444,2108,4538,4980,3950,4120,3474,2916,4694,3271,2639,3013,4050,4887,3994,2486,1350,1135,3767,2502,3734,4589,3365,296
2513,2537,2097,4458,4993,4043,4213,3567,3009,4898,3364,2732,3069,4143,4876,4008,2578,1443,1228,3780,2595,3827,4531,3354,389
2560,2584,2368,4529,5063,3892,4122,3476,2918,4411,3411,2484,2730,4052,4938,4134,2314,1490,1275,3907,2642,3736,4673,3580,272
2974,2997,2382,4010,4964,4086,4399,3753,3195,4144,3749,2760,2463,4329,4671,4436,2591,1929,1548,4209,3056,4013,4949,4033,687
2751,2775,2631,4259,4919,3946,4177,3530,2972,4099,3527,2538,2417,4107,4626,4214,2369,1707,1326,3987,2833,3790,4727,3810,559
2778,2802,2797,4578,5022,3929,4202,3556,2998,4202,3554,2446,2443,4132,4729,4241,2277,1734,1395,4014,2860,3816,4753,3837,950
2508,2480,1377,4837,4238,4115,3615,3537,3040,5031,2839,3256,3939,4027,4008,3444,3304,2132,1987,3249,2418,3221,3663,2486,1807
2328,2301,1425,5507,4058,3935,3436,3357,3028,4852,2659,3243,3927,3847,3829,3265,3291,2119,1975,3069,2238,3042,3484,2306,2073
2386,2359,1751,5172,4116,3993,3494,3415,2893,4909,2717,3109,3792,3905,3887,3323,3157,1985,1840,3127,2296,3099,3541,2364,1939
2100,2072,1167,5278,3830,3706,3207,3129,2934,4623,2431,3387,4248,3619,3600,3036,3404,2613,2699,2841,2010,2813,3255,2078,2650
1792,1764,1415,4970,3522,3399,2899,2821,2626,4315,2123,3079,3940,3311,3292,2728,3096,2305,2391,2533,1702,2505,2947,1770,2525
2013,1986,1908,5307,3859,3620,3121,3042,2848,4537,2344,3232,3916,3532,3629,2982,3280,2281,2120,2754,1923,2727,3284,2107,2135
1530,1502,1512,4601,3153,3136,2637,2558,2364,4053,1860,2816,3678,3048,2924,2359,2833,2043,2128,2209,1439,2243,2578,1401,2428
1480,1452,1662,4469,3020,3086,2576,2497,2314,3992,1799,2766,3616,2988,2791,2227,2783,1980,2066,2076,1389,2182,2446,1268,2365
2064,2036,2068,5354,3906,3670,3171,3093,2272,4587,2395,2488,3171,3583,3676,3032,2536,1478,1505,2805,1974,2777,3331,2153,2244
1585,1550,1988,4992,3544,3219,2720,2641,2286,4135,1943,2564,3248,3131,3314,2580,2613,1613,1699,2353,1522,2325,2969,1792,1998
2397,2369,1144,5151,4127,4003,3504,3426,3231,4920,2728,3684,4405,3916,3897,3333,3701,2597,2453,3138,2307,3110,3552,2375,2272
2298,2271,1168,5175,4028,3905,3406,3327,3133,4821,2629,3468,4151,3817,3799,3235,3516,2344,2199,3039,2208,3011,3453,2276,2298
2044,2017,1085,5223,3774,3651,3152,3073,2879,4567,2375,3331,4193,3563,3545,2981,3348,2558,2450,2785,1954,2758,3200,2022,2548
1934,1906,1219,5112,3664,3541,3041,2963,2768,4457,2265,3221,4082,3453,3434,2870,3238,2447,2533,2675,1844,2647,3089,1912,2701
2085,2058,1363,5264,3816,3692,3193,3114,2920,4609,2416,3372,4158,3604,3586,3022,3389,2350,2206,2826,1995,2799,3241,2063,2304
1767,1740,1280,4946,3497,3374,2875,2796,2602,4290,2098,3054,3916,3286,3268,2704,3071,2281,2366,2508,1677,2481,2923,1745,2559
1741,1713,1724,4970,3522,3347,2848,2770,2575,4264,2072,2965,3648,3260,3292,2709,3013,2013,2099,2482,1650,2454,2947,1770,2398
1351,1316,2174,4914,3705,3112,2859,2610,2052,4180,2082,2392,3075,3186,3500,2720,2440,1440,1568,2493,1374,2465,3155,1978,1914
2235,2214,1678,4929,4603,3905,3757,3289,2731,4998,2980,2765,3165,3865,4517,3618,2591,1223,1090,3391,2272,3363,4172,2995,739
2351,2375,2285,4669,4718,3546,3777,3130,2572,4375,3127,2138,2481,3707,4902,3814,1969,1223,883,3587,2433,3390,4327,3410,562
1766,1757,1812,5224,4146,3422,3300,2820,2262,4415,2524,2477,3161,3397,4200,3161,2526,1145,1000,2934,1816,2906,3756,2569,1280
1516,1540,2100,4974,4076,3172,3216,2570,2012,4164,2367,2075,2759,3147,4363,3091,2123,709,564,2863,1598,2830,3686,2540,1137
2247,2257,1750,4655,4646,3903,3800,3301,2743,4895,3023,2811,3231,3877,4529,3661,2658,1447,1232,3433,2315,3406,4184,3007,611
1998,2008,1501,4760,4397,3654,3551,3052,2494,4646,2774,2709,3393,3629,4280,3412,2758,1428,1283,3184,2066,3157,3935,2758,826
1939,1930,1566,4825,4319,3595,3473,2993,2435,4587,2696,2603,3191,3569,4188,3334,2617,1170,1026,3106,1988,3079,3842,2665,1065
2045,2040,1755,5014,4429,3614,3583,3099,2541,4706,2806,2473,3061,3676,4483,3444,2487,1040,895,3216,2098,3189,4039,2851,930
2305,2329,1996,4767,4865,3835,4005,3359,2801,4838,3156,2524,2944,3935,4775,3879,2370,1235,1020,3652,2387,3619,4474,3253,395
2230,2254,2038,4788,4789,3760,3930,3284,2726,4698,3081,2383,2804,3860,4881,3804,2230,1160,944,3577,2312,3544,4399,3249,416
2133,2219,1811,4971,4608,3664,3762,3188,2630,4756,2985,2523,2896,3764,4662,3623,2322,1064,848,3395,2277,3368,4218,3030,599
2007,2031,2082,4970,4567,3509,3751,3104,2547,4601,2858,2368,2741,3681,4854,3582,2167,937,694,3354,2089,3365,4177,3031,598
2058,2082,2488,4853,4424,3253,3483,2837,2279,4127,2833,1914,2233,3413,4655,3520,1761,1014,675,3293,2140,3097,4034,3117,797
2367,2391,2590,4656,4717,3502,3776,3130,2572,4134,3142,2019,2240,3706,4661,3830,1850,1323,984,3602,2449,3390,4327,3426,748
1841,1904,2581,4918,4229,3058,3288,2642,2084,4034,2639,1720,2140,3218,4562,3326,1566,924,660,3098,1962,2902,3839,2939,934
2089,2152,2724,4789,4468,3253,3527,2880,2322,4007,2886,1770,2113,3457,4534,3573,1601,1201,966,3346,2210,3140,4077,3187,882
1784,1797,1779,5241,4186,3440,3340,2838,2280,4432,2563,2285,2873,3414,4240,3201,2299,852,708,2973,1855,2946,3796,2608,1032
1728,1752,2056,5092,4287,3232,3428,2782,2224,4324,2579,2091,2679,3358,4575,3302,2105,658,513,3075,1810,3042,3897,2752,866
2065,2089,2260,4868,4461,3278,3520,2874,2316,4295,2870,1980,2401,3450,4754,3639,1827,1020,659,3412,2147,3134,4071,3124,814
1801,1825,2200,5059,4382,3199,3441,2794,2236,4291,2652,2058,2551,3371,4674,3375,1977,723,384,3148,1883,3054,3991,2860,861
1545,1528,1823,5002,3894,3201,3071,2599,2041,4193,2294,2256,2940,3175,3665,2932,2304,1246,1274,2705,1586,2677,3319,2142,1461
1079,1044,2379,4642,3433,2840,2587,2338,1780,3907,1810,2119,2803,2914,3570,2448,2168,1168,1296,2220,1102,2193,3043,1855,2013
1073,1097,2351,4531,3633,2729,2774,2128,1570,3722,1924,1579,2167,2704,3911,2648,1593,307,537,2421,1156,2388,3243,2133,1358
1385,1409,1848,4843,3845,3041,2998,2439,1882,4034,2222,2097,2780,3016,3898,2859,2145,859,880,2632,1467,2604,3454,2267,1417
1366,1331,2059,4929,3720,3127,2874,2566,2008,4160,2097,2223,2907,3142,3619,2735,2271,1272,1272,2507,1389,2480,3274,2096,1751
1273,1297,1880,4731,3767,2929,2974,2327,1769,3922,2124,1985,2668,2904,3833,2782,2033,975,1002,2555,1355,2587,3377,2189,1575
1658,1681,2507,4819,4141,2959,3200,2554,1996,4051,2551,1698,2118,3131,4434,3232,1545,669,450,3005,1740,2814,3751,2717,1167
1523,1547,2435,4766,4088,2905,3147,2501,1943,3998,2374,1765,2257,3077,4381,3098,1684,478,332,2870,1605,2761,3698,2582,1212
1201,1225,2032,4658,3760,2857,2901,2255,1697,3849,2052,1883,2566,2831,4048,2775,1931,648,669,2548,1283,2515,3370,2224,1242
1271,1295,2387,4739,3831,2879,2972,2325,1767,3920,2122,1738,2326,2902,4109,2846,1752,305,410,2618,1353,2585,3441,2330,1208
1314,1333,2586,4429,3751,2569,2810,2164,1606,3661,2161,1428,1938,2740,4044,2883,1364,449,679,2656,1391,2424,3361,2368,1501
1662,1725,2693,4727,4050,2867,3109,2462,1905,3911,2459,1596,2017,3039,4343,3146,1443,732,667,2919,1783,2723,3659,2760,1046
1402,1538,2813,4467,3790,2607,2849,2203,1645,3700,2199,1406,1826,2779,4083,2886,1253,664,722,2659,1473,2463,3400,2579,1332
1067,1203,2704,4212,3535,2352,2594,1948,1390,3445,1918,1211,1732,2524,3828,2605,1158,614,843,2378,1138,2208,3145,2319,1665
1024,1048,2182,4482,3584,2680,2725,2078,1520,3673,1875,1688,2372,2655,3862,2599,1736,751,902,2372,1106,2338,3194,2083,1604
898,1035,2516,4262,3445,2424,2504,1858,1300,3452,1749,1314,1910,2435,3877,2436,1337,687,916,2209,969,2118,3055,2151,1738
721,857,2552,4118,3302,2316,2361,1714,1157,3309,1572,1460,2143,2291,3733,2259,1508,884,1113,2031,792,1975,2911,1973,1951
696,811,2622,4093,3277,2292,2336,1690,1132,3284,1547,1536,2356,2266,3709,2234,1553,953,1182,2007,746,1950,2887,1927,2020
622,933,2878,3649,2833,1848,1892,1246,688,2840,1218,1093,2270,1822,3265,1906,1110,1238,1468,1678,617,1506,2443,1968,2305
753,889,2663,4021,3205,2220,2264,1618,1060,3212,1536,1224,1923,2194,3637,2223,1272,883,1112,1996,824,1878,2815,2005,1934
1007,837,2283,4536,3137,2735,2291,2212,1674,3707,1514,2187,2871,2703,3274,2152,2144,1172,1363,1925,896,1897,2747,1559,2080
955,772,2341,4499,3108,2697,2262,2183,1637,3677,1485,2089,2895,2673,3332,2122,2106,1216,1445,1895,830,1867,2717,1582,2230
791,756,2421,4354,3292,2552,2446,2047,1489,3620,1669,1749,2433,2624,3570,2307,1797,753,982,2079,814,2052,2902,1791,1820
623,588,2532,4185,3124,2384,2278,1882,1324,3451,1501,1776,2563,2458,3402,2138,1793,883,1113,1911,646,1883,2733,1623,1950
782,612,2180,4339,2946,2537,2100,2021,1477,3515,1323,1930,2829,2511,3170,1961,1947,1149,1379,1733,670,1706,2556,1445,2216
1051,1023,2095,4459,2843,2657,1997,1919,1885,3413,1221,2338,3431,2409,2832,1858,2355,1783,2012,1631,961,1603,2453,1053,2851
917,890,2035,4326,2742,2524,1896,1817,1752,3311,1119,2204,3342,2307,2998,1756,2221,1644,1835,1529,827,1501,2351,1219,2551
826,781,2054,4237,2601,2435,1755,1676,1642,3170,978,2095,3188,2166,2879,1615,2112,1549,1778,1388,736,1360,2210,1100,2570
1204,1177,2227,4306,2676,2704,1830,1751,2038,3246,1053,2491,3584,2241,2628,1691,2508,1936,2146,1463,1114,1436,2286,850,2863
1346,1300,2395,4165,2620,2648,1774,1695,2162,3189,997,2614,3707,2185,2487,1635,2631,2065,2275,1407,1255,1379,2142,709,2992
1127,1081,2432,4341,2519,2547,1673,1594,1943,3088,896,2395,3488,2084,2664,1533,2412,1975,2204,1306,1036,1278,2128,885,2948
1431,1385,2682,4452,2603,2631,1757,1678,2045,3173,980,2699,3792,2169,2774,1618,2716,2279,2508,1391,1340,1363,2213,954,3378
810,641,2397,4368,3164,2566,2318,2064,1506,3634,1541,1959,2749,2640,3388,2179,1976,1069,1298,1951,699,1923,2774,1663,2150
972,807,2183,4531,3046,2729,2200,2121,1669,3615,1423,2122,3090,2611,3174,2061,2139,1410,1630,1833,866,1806,2656,1468,2347
840,675,2123,4399,2891,2597,2045,1967,1537,3461,1269,1990,3060,2457,3114,1906,2007,1380,1610,1679,733,1651,2501,1391,2471
1040,995,2191,4442,2503,2531,1657,1578,1856,3073,880,2309,3402,2068,2781,1518,2326,1815,1991,1290,950,1263,2113,1002,2708
383,458,2403,3822,2907,2020,2061,1518,960,3088,1232,1413,2557,2094,3272,1919,1430,1148,1377,1691,404,1678,2517,1493,2215
801,755,2346,4167,2541,2365,1695,1617,1617,3111,824,2069,3162,2107,2820,1556,2086,1649,1879,1329,710,1301,2151,1041,2716
1004,958,2509,4192,2544,2391,1698,1619,1648,3113,825,2222,3290,2109,2822,1558,2239,1852,2082,1331,914,1303,2153,1043,2919
1253,1257,2775,4183,2472,2553,1666,1600,1828,3094,891,2403,3470,2090,2505,1095,2420,2152,2381,868,1163,1284,1791,930,3219
441,272,2220,3995,2811,2194,1965,1692,1134,3261,1188,1586,2679,2268,3089,1826,1603,1166,1396,1598,330,1571,2421,1310,2233
261,288,2416,3875,2861,2073,2015,1571,1013,3141,1089,1466,2499,2148,3286,1873,1483,1217,1446,1646,195,1672,2471,1507,2284
283,608,2614,3669,2693,1867,1847,1365,807,2934,1018,1259,2455,1941,3284,1705,1276,1269,1498,1478,344,1495,2303,1705,2336
293,524,2384,3714,2658,1912,1812,1445,1151,2979,983,1604,2752,1980,3262,1670,1621,1537,1766,1442,203,1434,2268,1483,2604
666,620,2211,4074,2742,2273,1896,1805,1482,3311,1007,1935,3028,2307,3020,1756,1952,1515,1744,1529,576,1501,2351,1241,2582
966,1071,2661,4085,2417,2284,1571,1492,1541,2987,671,2115,3183,1983,2949,1303,2132,1964,2194,1076,876,1177,1999,1190,3031
1305,1400,2837,4113,2143,2172,1297,1219,1585,2713,521,2160,3227,1709,2857,1158,2177,2295,2524,931,1215,903,1753,1150,3394
1121,1171,2762,4240,2359,2387,1513,1434,1695,2928,722,2270,3337,1924,2846,1234,2287,2065,2294,1007,1030,1119,1930,1214,3132
1213,1167,2692,4302,2482,2510,1635,1557,1845,3051,965,2419,3487,2047,2624,1214,2436,2062,2291,987,1123,1241,1910,964,3129
671,535,2079,4079,2670,2278,1824,1746,1396,3240,1048,1849,2942,2236,2949,1685,1866,1429,1658,1458,593,1430,2280,1170,2496
437,443,2281,3957,2881,2156,2035,1688,1226,3223,1057,1679,2705,2223,3159,1896,1696,1372,1601,1668,306,1678,2491,1380,2439
549,624,2457,3957,2773,2155,1927,1688,1416,3223,919,1869,2918,2223,3211,1732,1886,1636,1866,1505,487,1532,2382,1432,2703
268,549,2499,3636,2572,1835,1726,1360,950,2902,897,1402,2547,1902,3252,1584,1419,1533,1763,1357,228,1392,2182,1598,2600
688,794,2449,3987,2475,2185,1629,1550,1442,3045,622,2017,3088,2040,2981,1434,2034,1752,1982,1207,598,1235,2085,1202,2819
888,1119,2966,3118,2406,1317,1489,842,552,2384,950,1312,2194,1385,2734,1659,1329,1963,2193,1432,798,889,2016,1888,3030
978,1083,2738,3854,2217,2053,1371,1292,1309,2786,462,1884,2951,1782,2873,1215,1901,2042,2271,988,888,976,1826,1095,3109
419,650,2497,3584,2528,1782,1682,1315,1039,2850,853,1614,2681,1850,3199,1540,1631,1662,1892,1312,329,1304,2138,1521,2729
1083,1314,2969,3773,2135,1971,1289,1210,1228,2705,282,1803,2870,1701,2856,1158,1820,2272,2502,930,992,895,1745,1243,3339
549,852,2866,3606,2680,1804,1834,1302,744,2872,1005,1205,2350,1878,3221,1692,1222,1520,1750,1465,531,1446,2290,1956,2587
869,1223,3166,3301,2584,1499,1643,996,439,2567,1150,1062,2081,1573,2916,1837,1079,1842,2071,1610,851,1157,2193,2087,2915
814,1045,2892,3434,2146,1632,1300,955,1003,2645,634,1624,2645,1627,2955,1245,1641,2057,2287,1018,723,906,1756,1558,3124
1332,1437,2932,4172,2172,2332,1365,1379,1627,2874,684,2202,3269,1870,2512,877,2219,2380,2610,650,1241,1064,1573,1108,3447
967,1198,2793,3657,1883,1912,1037,959,1112,2453,358,1687,2754,1449,2594,895,1704,2045,2274,668,876,643,1493,1107,3112
1276,1507,3022,3836,1634,1894,828,942,1422,2385,655,1996,3133,1432,2350,651,2014,2355,2584,424,1186,626,1244,1336,3422
1400,1631,3141,3905,1906,2213,1100,1260,1545,2657,752,2120,3187,1750,2227,529,2137,2478,2707,301,1309,944,1225,1468,3545
1129,1361,3040,3734,1782,1810,936,857,1304,2351,673,1862,2945,1347,2591,1010,1879,2220,2450,782,1039,541,1391,1353,3287
1404,1532,3049,4246,2377,2495,1570,1542,1790,3036,846,2364,3432,2032,2568,1000,2381,2426,2656,772,1314,1226,1696,1027,3493
1059,1164,2738,4100,2211,2239,1365,1287,1555,2781,551,2130,3197,1777,2830,1143,2147,2123,2352,916,968,971,1839,1052,3190
647,942,2838,3487,2567,1685,1721,1286,690,2752,892,1197,2341,1786,3102,1579,1214,1609,1838,1351,621,1332,2177,1829,2676
678,990,2934,3403,2687,1602,1746,1099,541,2669,1025,994,2138,1676,3019,1712,1011,1589,1818,1485,644,1260,2296,1962,2656
1213,1318,2754,3994,2127,2155,1280,1202,1450,2696,506,2024,3091,1692,2665,967,2041,2212,2442,739,1123,886,1663,1068,3311
1303,1469,2905,3994,1933,2154,1126,1201,1449,2696,506,2024,3091,1691,2557,858,2041,2363,2593,631,1213,886,1542,1219,3462
1453,1542,2993,4144,2030,2304,1224,1351,1599,2781,656,2174,3241,1841,2450,752,2191,2451,2680,524,1363,1036,1448,1350,3549
1252,1483,3017,3942,1966,2089,1160,1136,1397,2630,590,1972,3039,1626,2590,892,1989,2330,2559,664,1161,820,1576,1330,3397
1540,1771,3160,3738,1797,2152,955,1270,1686,2548,893,2261,3328,1656,2060,362,2278,2619,2848,134,1450,864,1058,1310,3686
2381,2612,3330,3343,1358,2173,1046,1409,2262,2277,1829,2995,3563,1677,1665,650,2902,3481,3710,887,2291,1186,493,1480,4462
1570,1801,3275,3853,2019,2383,1176,1430,1715,2770,922,2290,3357,1920,2175,583,2307,2648,2878,356,1479,1086,1279,1327,3715
1478,1709,3290,3244,1777,1302,836,343,1156,2050,923,1889,2541,1033,2586,1136,1880,2668,2898,1032,1388,441,1387,1603,3741
1359,1590,3436,3091,1814,1025,919,304,973,1828,1163,1719,2264,810,2541,1376,1603,2549,2778,1273,1268,682,1439,1844,3621
1604,1835,3394,3408,1311,1357,369,593,1428,1865,1027,2161,2747,861,2120,842,2085,2852,3081,800,1514,394,941,1707,3951
1738,1969,3464,3887,1459,1836,652,1000,1767,2210,1096,2458,3192,1340,2268,746,2530,2816,3045,662,1647,731,1069,1777,3883
1791,2022,3606,3465,1170,1567,413,803,1672,1788,1239,2405,2957,1071,1979,865,2295,3064,3293,882,1701,596,794,1919,4163
1614,1845,3477,3311,1656,1270,761,291,1218,1961,1110,1964,2509,891,2465,1350,1848,2773,3003,1219,1523,628,1281,1790,3846
1978,2016,3006,3586,1981,2576,1380,1695,2124,2890,1331,2698,3765,2081,1908,644,2715,2911,3140,493,1888,1289,1116,1156,4010
1834,2065,2965,3549,1694,2354,1157,1473,1979,2636,1192,2554,3665,1858,1871,389,2571,2912,3141,271,1743,1067,830,1116,3979
1989,2221,3448,3660,1461,2036,808,1260,2002,2207,1348,2735,3451,1540,1982,237,2752,3068,3297,473,1899,927,656,1598,4135
2003,2234,3140,3531,1659,2294,1058,1530,2149,2419,1362,2723,3701,1798,1853,272,2740,3081,3311,414,1913,1176,795,1291,4148
2096,2327,3700,3596,1173,1787,717,1023,1885,1919,1543,2631,3177,1291,1872,668,2515,3368,3598,920,2005,901,561,1850,4467
1712,1943,3064,3643,1934,2437,1240,1573,1858,2751,1065,2433,3500,1941,1965,504,2450,2791,3020,354,1622,1149,1070,1214,3858
1787,2018,3407,3874,1674,2078,881,1264,1879,2425,1146,2507,3455,1582,2196,298,2524,2865,3094,245,1696,833,870,1557,3932
1890,2121,3562,3860,1465,1932,718,1156,1899,2216,1248,2631,3347,1436,2182,408,2648,2968,3197,483,1799,823,857,1712,4035
1406,1637,3237,3734,1541,1793,735,840,1455,2292,870,2188,3031,1330,2350,822,2205,2649,2879,694,1315,408,1151,1551,3716
2270,2501,4348,2103,2166,812,2274,1751,1703,1346,2362,2138,1762,1540,1719,2724,2022,3203,3432,2620,2180,2029,2718,3191,4152
2294,2526,4372,1914,1977,836,2298,1775,1727,1157,2386,2162,1572,1564,1529,2748,2047,3227,3456,2645,2204,2053,2719,3094,4176
1872,2103,3949,2056,2091,318,1875,1341,1304,1342,1963,1740,2105,1053,1672,2325,1624,2804,3033,2222,1781,1631,2305,2793,3754
1717,1948,3795,2283,2195,481,1721,1198,1149,1543,1809,1585,1950,1018,1898,2171,1469,2649,2879,2067,1627,1476,2165,2638,3599
2284,2515,4361,1861,1942,826,2287,1765,1716,1122,2375,2152,1513,1553,1477,2737,2036,3216,3445,2634,2193,2043,2731,3041,4166
2304,2535,4382,2489,1770,415,1835,1416,1736,1010,2183,2100,2465,903,1806,2423,1984,3197,3427,2292,2214,1701,2153,2863,4147
2321,2552,4398,2270,1726,493,1981,1486,1753,928,2329,2169,1790,1050,1587,2569,2053,3267,3496,2439,2230,1848,2255,3010,4216
2440,2671,4424,2248,1459,532,1709,1321,1888,769,2057,2235,1937,777,1566,2297,2120,3333,3563,2167,2350,1575,1881,2738,4283
2032,2263,4110,2077,1862,294,1970,1403,1464,1065,2123,1900,1614,1114,1681,2494,1784,2964,3193,2390,1941,1799,2366,2961,3914
2355,2586,4433,2102,1761,644,2233,1667,1787,964,2545,2223,1635,1345,1485,2758,2107,3287,3516,2654,2265,2063,2403,3050,4237
2419,2650,4497,1994,1676,861,2466,1885,1852,855,2511,2287,1498,1534,1383,2764,2171,3352,3581,2769,2329,2178,2417,2947,4301
2535,2766,4613,2008,1618,821,2461,1894,1967,798,2627,2403,1475,1476,1325,2706,2287,3467,3697,2881,2445,2290,2360,2890,4417
2517,2748,4594,2111,1514,701,2029,1642,1949,716,2378,2377,1711,1098,1428,2617,2261,3475,3704,2487,2426,1896,2156,3058,4424
2743,2974,4482,2014,1576,884,2150,1763,2175,756,2498,2560,1615,1219,1331,2738,2444,3658,3887,2608,2653,2017,2318,2896,4607
1944,2175,4022,2216,1800,86,1693,1126,1377,1248,2004,1691,2056,837,1831,2217,1575,2789,3018,2113,1854,1522,2089,2684,3738
2006,2237,4083,2539,1683,459,1497,1110,1438,1385,1845,1773,2138,566,2144,2085,1657,2870,3100,1955,1915,1364,1815,2526,3820
2227,2458,4368,2607,1649,497,1652,1265,1611,1127,2000,2096,2462,721,1924,2240,1980,3194,3424,2110,2137,1519,1970,2681,4144
1561,1792,3531,3072,1574,992,816,326,1000,1571,1164,1746,2292,521,2284,1404,1630,2652,2882,1274,1471,682,1280,1845,3602
1864,2095,3654,3390,1382,1425,695,707,1573,1713,1287,2319,2865,929,2191,1190,2203,3112,3341,1245,1774,805,1045,1967,4211
2023,2254,3865,2997,1219,1258,924,762,1462,1320,1498,2208,2754,762,1929,1291,2092,3114,3344,1434,1933,1016,1029,2179,4064
2001,2232,3704,3366,937,1562,626,844,1710,1688,1424,2456,3002,1066,1746,821,2340,3249,3478,1073,1911,809,601,1854,4348
2303,2534,4072,2859,824,1378,1107,1042,1741,1118,1704,2488,3033,1041,1556,1349,2372,3394,3623,1554,2212,1223,1019,2273,4343
2195,2426,3979,3173,1172,1551,937,1038,1807,1496,1618,2553,3099,1107,1981,1223,2437,3459,3689,1384,2105,1201,876,2129,4409
2321,2552,3620,3155,781,1796,952,1164,2025,1698,1744,2771,3317,1325,1354,863,2655,3569,3799,1100,2231,1136,517,1770,4627
1687,1919,3736,2890,1541,872,1020,504,984,1411,1369,1730,2275,180,2207,1608,1614,2636,2865,1478,1597,887,1420,2049,3585
1965,2196,3807,2995,1300,1200,1092,704,1404,1318,1440,2150,2696,704,2066,1584,2034,3057,3286,1550,1875,958,1328,2121,4006
2110,2341,3952,2676,981,1047,1104,849,1548,999,1584,2295,2784,849,1747,1490,2179,3201,3430,1694,2019,1103,1143,2265,4150
1831,2062,3578,3128,1318,1138,712,491,1269,1450,1210,2016,2561,642,2060,1162,1900,2922,3151,1262,1740,729,981,1891,3871
2040,2272,3657,3371,948,1734,662,970,1832,1694,1488,2579,3124,1238,1757,729,2463,3313,3542,981,1950,846,554,1807,4412
2197,2428,3418,3344,1070,1861,791,1097,1959,1816,1645,2705,3251,1365,1591,577,2589,3470,3699,813,2107,1003,315,1569,4569
2230,2462,3830,3131,703,1708,862,1073,1936,1519,1654,2682,3228,1236,1512,1057,2566,3479,3708,1309,2140,1045,727,1981,4577
2370,2602,3432,3157,878,1944,964,1258,2124,1781,1818,2870,3416,1473,1355,750,2754,3643,3872,986,2280,1176,394,1582,4564
2268,2499,4110,2666,829,1200,1150,1007,1707,904,1743,2453,2918,1007,1595,1445,2337,3359,3588,1598,2177,1261,1099,2352,4309
2239,2471,4244,2555,1405,693,1528,1141,1707,1076,1877,2109,2474,597,1873,1921,1993,3206,3436,1986,2149,1395,1637,2557,4156
2584,2815,4184,2934,629,1587,1215,1428,2127,1201,2007,2874,3325,1428,1315,1410,2758,3780,4009,1662,2494,1399,1081,2334,4729
2302,2533,4144,2631,1158,860,1298,1041,1741,953,1777,2280,2645,770,1911,1717,2164,3378,3607,1886,2212,1295,1370,2457,4327
2490,2721,4494,2256,1208,772,1681,1391,1957,840,2127,2359,2724,847,1573,1977,2243,3457,3686,2129,2399,1645,1630,2807,4406
2701,2932,4431,1964,1429,1120,2289,1901,2133,609,2637,2569,1634,1357,1281,2587,2453,3633,3862,2746,2611,2155,2240,2846,4583
2564,2795,4406,2383,884,923,1461,1303,2003,601,2039,2510,2163,998,1637,1757,2394,3608,3837,1909,2474,1557,1410,2719,4557
2736,2967,4467,2635,648,1273,1498,1475,2175,840,2211,2772,2402,1262,1400,1693,2656,3827,4057,1945,2646,1681,1363,2617,4777
3094,3325,4764,2317,800,1372,1796,1833,2533,613,2569,2959,2175,1447,1552,1991,2843,4057,4286,2243,3004,1979,1661,2915,5006
3059,3290,4805,2360,840,1337,1836,1798,2498,578,2534,2924,2140,1412,1593,2031,2808,4022,4251,2283,2968,2020,1702,2955,4971
2639,2870,4239,2784,356,1518,1270,1482,2311,1081,2062,3057,2643,1588,1165,1465,2941,3887,4116,1717,2549,1454,1136,2389,4986
2863,3094,4478,2508,595,1341,1509,1602,2302,804,2301,2920,2366,1410,1348,1704,2804,3954,4183,1957,2773,1693,1375,2628,4904
2963,3194,4459,1992,1430,1341,2338,2123,2395,610,2859,2831,1896,1579,1309,2634,2715,3895,4125,2786,2873,2377,2287,2873,4845
2277,2508,4119,2830,1294,779,1273,1016,1716,1253,1752,2151,2516,629,2060,1641,2035,3248,3478,1862,2187,1270,1357,2433,4198
2752,2983,4464,1997,1317,871,2027,1639,2206,519,2375,2547,1777,1095,1314,2278,2431,3645,3874,2484,2661,1893,1931,2879,4594
2736,2967,4578,2343,1049,1014,1655,1475,2175,562,2211,2601,2124,1089,1660,1951,2485,3699,3928,2103,2645,1729,1604,2891,4648
2956,3188,4577,2109,1243,1335,2151,1971,2389,193,2706,2824,1890,1572,1426,2447,2709,3889,4118,2599,2866,2225,2100,2991,4838
2428,2659,4270,2743,696,1277,1310,1167,1867,956,1903,2613,3014,1167,1545,1574,2497,3519,3748,1757,2337,1421,1244,2498,4469
2666,2898,4246,2726,532,1450,1277,1405,2105,992,2069,2851,2554,1405,1342,1472,2736,3758,3987,1724,2576,1461,1143,2396,4707
2868,3099,4468,2490,503,1457,1499,1711,2418,787,2291,3036,2349,1526,1256,1694,2920,4070,4299,1946,2778,1683,1365,2618,5020
2427,2606,3029,3072,1132,2166,1108,1471,2324,2111,1786,3057,3625,1739,1394,712,2963,3500,3730,838,2337,1248,375,1179,4161
2723,2954,3996,2830,337,1920,1354,1566,2428,1454,2146,3175,3016,1728,1023,1417,3059,3971,4200,1653,2632,1537,1071,2146,5070
2599,2700,3122,2806,1025,2479,1499,1793,2715,2156,1958,3320,3951,2008,1128,943,3289,3594,3823,1010,2509,1639,766,1273,4254
2820,2775,3197,2354,842,2360,1824,2083,2944,1973,2293,3690,2945,2244,677,1397,3574,3669,3898,1372,2730,2054,1155,1348,4329
2611,2842,3377,3058,840,2190,1232,1538,2419,1898,2058,3165,3711,1719,1256,964,3049,3848,4078,1212,2520,1416,473,1527,4509
2545,2776,3650,3007,609,1982,1176,1388,2249,1515,1968,2995,3540,1549,1206,1029,2879,3793,4022,1265,2455,1360,682,1801,4851
2725,2872,3295,2869,775,2354,1374,1668,2534,1906,2084,3281,3826,1883,1201,1067,3165,3767,3996,1136,2635,1603,704,1445,4427
2773,3005,3560,2818,601,2239,1404,1616,2477,1732,2196,3223,3769,1777,1017,1188,3107,4022,4251,1436,2683,1588,697,1710,4692
2951,2926,3349,2555,815,2495,1617,1911,2777,1947,2310,3523,3146,2126,877,1310,3407,3821,4050,1361,2860,1846,947,1499,4481
3021,3139,3562,2569,470,2219,1652,1864,2727,1602,2444,3473,3164,2027,723,1573,3357,4034,4263,1736,2931,1836,1082,1712,4694
3104,3058,3481,2348,777,2400,1959,2171,3034,1805,2577,3780,2939,2334,540,1680,3664,3952,4182,1655,3014,2143,1203,1631,4613
2731,2962,3960,2636,62,1788,1362,1574,2437,1194,2154,3183,2756,1737,829,1506,3067,3979,4209,1742,2641,1546,1148,2110,5078
2735,2967,4177,2681,238,1680,1366,1578,2441,1085,2158,3187,2647,1741,1047,1562,3071,3984,4213,1814,2645,1550,1232,2328,5082
2824,3055,4192,2414,332,1723,1455,1667,2530,1129,2247,3276,2691,1793,866,1650,3160,4072,4302,1903,2734,1639,1321,2342,5171
3015,3246,3884,2505,346,2078,1646,1858,2721,1484,2438,3467,3046,2021,698,1679,3351,4263,4492,1879,2925,1830,1188,2034,5016
3223,3455,4185,2336,731,2123,1854,2066,2929,1528,2646,3675,2927,2192,771,2050,3559,4472,4701,2302,3133,2038,1720,2335,5317
3327,3368,3791,2273,658,2301,1958,2170,3033,1706,2750,3604,2864,2370,383,1900,3488,4262,4492,1965,3237,2142,1409,1941,4923
3025,3256,4024,2423,409,1924,1656,1868,2730,1329,2448,3477,2891,1993,698,1851,3361,4273,4502,2103,2934,1839,1464,2174,5156
3530,3625,4048,2267,998,2429,2161,2373,3235,1834,2953,3598,2858,2498,594,2247,3482,4519,4749,2222,3439,2344,1774,2198,5180
2457,2688,4535,1836,2102,999,2461,1938,1890,1282,2549,2325,1612,1727,1475,2911,2209,3389,3619,2807,2367,2216,2844,3039,4339
2470,2701,4548,1841,2023,1012,2474,1951,1902,1203,2562,2338,1529,1740,1456,2924,2222,3402,3632,2820,2380,2229,2765,3021,4352
2617,2848,4151,1566,1797,1159,2621,2098,2049,1446,2709,2485,1727,1886,1148,2762,2369,3549,3779,2737,2527,2376,2548,2713,4499
2520,2752,4088,1503,1767,1062,2524,2001,1953,1304,2612,2388,1631,1790,1118,2732,2273,3453,3682,2707,2430,2279,2517,2683,4402
2692,2923,4616,2149,1759,988,2547,1980,2124,939,2858,2560,1625,1664,1466,2848,2444,3624,3854,2968,2602,2377,2501,3031,4574
2344,2575,4422,1865,1948,886,2347,1825,1776,1128,2436,2212,1454,1613,1480,2798,2096,3276,3505,2694,2254,2103,2690,3045,4226
2451,2682,4258,1673,1938,992,2454,1932,1883,1235,2542,2319,1561,1720,1289,2904,2203,3383,3612,2801,2360,2210,2688,2853,4332
2596,2828,4384,1798,2063,1138,2600,2077,2029,1380,2688,2464,1707,1866,1414,3050,2349,3529,3758,2947,2506,2355,2813,2979,4478
2640,2871,4717,2009,1954,1183,2643,2120,2072,1134,2731,2508,1698,1859,1625,3043,2392,3572,3801,2990,2549,2398,2696,3190,4521
2711,2942,4498,1913,2097,1253,2715,2192,2143,1277,2803,2579,1762,2002,1529,3165,2463,3643,3873,3061,2621,2470,2839,3093,4593
2887,3118,4478,2010,1933,1238,2798,2231,2319,1190,3109,2755,1876,1915,1328,2941,2639,3819,4049,2917,2797,2627,2794,2892,4769
2735,2966,4393,1858,1891,1277,2739,2216,2168,1564,2827,2603,1890,2005,1243,2856,2487,3668,3897,2832,2645,2494,2642,2807,4617
2683,2914,4235,1701,1734,1225,2687,2164,2116,1383,2775,2551,1794,1953,1085,2699,2435,3616,3845,2674,2593,2442,2485,2650,4565
2974,3205,4657,2176,2180,1485,2978,2478,2406,1436,3066,2842,2025,2162,1507,3121,2726,3906,4136,3096,2884,2733,2906,3072,4856
3034,3266,4704,2112,2203,1632,3038,2515,2467,1583,3126,2902,2189,2308,1554,3168,2787,3967,4196,3143,2944,2793,2953,3119,4916
2990,3221,4466,1914,1965,1532,2993,2471,2422,1447,3081,2858,2100,2259,1316,2930,2742,3922,4151,2905,2899,2749,2715,2881,4872
2717,2948,4127,1593,1626,1259,2721,2198,2149,1275,2809,2585,1827,1986,977,2591,2469,3649,3879,2566,2627,2476,2376,2542,4599
3258,3489,4362,1894,1914,1564,2910,2557,2690,1197,3363,3126,2143,2083,1212,2825,3010,4190,4420,2801,3168,2881,2611,2776,5140
3045,3276,4317,1794,1815,1573,2960,2565,2477,1306,3137,2913,2210,2249,1166,2780,2797,3977,4207,2755,2955,2804,2566,2731,4927
2818,3049,4089,1566,1588,1360,2733,2299,2250,1237,2910,2686,1928,2087,939,2553,2570,3750,3979,2528,2728,2577,2338,2504,4700
2765,2997,4081,1535,1877,1307,2769,2246,2198,1525,2857,2634,1876,2035,1228,2842,2518,3698,3927,2817,2675,2524,2627,2792,4395
2939,3171,4071,1447,2179,1481,2943,2420,2372,1723,3031,2807,2050,2209,1530,3144,2692,3872,4101,3119,2849,2698,2929,3095,4385
2950,3181,3587,983,2189,1491,2953,2431,2382,1734,3041,2818,2409,2219,1540,3154,2702,3882,4111,3129,2859,2709,2940,3105,3901
3212,3443,4070,781,2451,1753,3215,2693,2644,1996,3303,3080,2892,2481,1802,3416,2964,4144,4373,3391,3121,2971,3202,3367,4384
2792,3023,4242,1526,1741,1334,2795,2273,2224,1390,2884,2660,1902,2061,1092,2706,2544,3724,3953,2681,2702,2551,2491,2657,4674
2902,3133,4087,1202,2021,1444,2906,2383,2335,1670,2994,2770,2012,2172,1373,2986,2654,3834,4064,2962,2812,2661,2772,2937,4400
2769,3000,3953,1300,2031,1310,2772,2250,2201,1553,2860,2637,1879,2038,1382,2996,2521,3701,3930,2971,2678,2527,2782,2947,4267
2971,3202,3850,1144,2210,1513,2974,2452,2403,1755,3063,2839,2081,2240,1562,3175,2723,3903,4132,3151,2881,2730,2961,3126,4164
2774,3005,3960,952,2014,1316,2778,2255,2206,1558,2866,2642,1884,2043,1365,2979,2526,3706,3936,2954,2684,2533,2764,2929,4274
2985,3216,4170,962,2210,1527,2988,2466,2417,1769,3076,2853,2095,2254,1561,3174,2737,3917,4146,3150,2894,2744,2960,3125,4484
3111,3343,4054,794,2351,1653,3115,2592,2544,1895,3203,2979,2222,2381,1702,3316,2864,4044,4273,3291,3021,2870,3101,3267,4368
3122,3353,4233,720,2294,1664,3125,2603,2554,1943,3213,2990,2232,2391,1645,3259,2874,4054,4283,3235,3031,2881,3045,3210,4547
3282,3513,4414,656,2521,1823,3285,2763,2714,2145,3373,3150,2392,2551,1872,3486,3034,4214,4443,3461,3191,3040,3272,3437,4728
3299,3531,4411,684,2243,1841,3303,2780,2732,1831,3391,3167,2410,2569,1595,3208,3051,4232,4461,3184,3209,3058,2994,3159,4725
3374,3606,4311,475,2669,1916,3378,2855,2807,2243,3466,3242,2485,2644,2020,3634,3127,4307,4536,3609,3284,3133,3419,3584,4625
3607,3839,4346,740,2167,2151,3312,3088,3040,1755,3699,3476,2700,2640,1518,3132,3360,4540,4769,3107,3517,3438,2917,3083,4660
3055,3286,4166,859,2294,1596,3058,2536,2487,1839,3146,2923,2165,2324,1645,3259,2807,3987,4216,3234,2964,2813,3045,3210,4480
1439,1670,3517,2823,2014,1021,1119,552,631,2040,1430,1377,1923,932,2438,1643,1261,2283,2513,1539,1349,948,1638,2110,3233
1405,1636,3483,2981,1888,954,993,426,843,1907,1304,1589,2135,828,2620,1517,1473,2444,2673,1414,1315,823,1513,1985,3516
1481,1712,3559,2866,1837,786,975,408,783,1764,1286,1530,2075,696,2471,1499,1414,2436,2665,1396,1391,804,1494,1966,3385
1532,1763,3609,2841,1739,761,1051,534,872,1666,1399,1618,2164,598,2449,1639,1502,2524,2754,1509,1441,917,1445,2080,3474
1535,1766,3613,2513,1890,574,1396,829,919,1526,1707,1665,2083,773,2129,1920,1549,2571,2801,1816,1445,1225,1792,2387,3521
1568,1799,3646,2392,2029,519,1572,1049,1000,1611,1660,1594,2013,912,2007,2022,1478,2500,2730,1918,1478,1327,1979,2489,3450
1962,2193,4040,2571,1678,491,1492,973,1306,1314,1841,1835,2200,561,2111,2081,1719,2894,3124,1950,1872,1359,1810,2521,3844
1348,1579,3426,3061,2218,1183,1352,829,827,2216,1440,1573,2119,1108,2676,1802,1457,2387,2616,1698,1258,1107,1871,2269,3460
1319,1550,3397,3032,2189,1153,1323,800,798,2186,1411,1544,2089,1079,2647,1773,1428,2358,2587,1669,1229,1078,1842,2240,3431
1533,1764,3611,2931,1976,850,1189,622,917,1890,1500,1664,2209,835,2536,1713,1548,2570,2799,1609,1443,1018,1682,2180,3519
1366,1597,3444,2760,1912,861,1105,539,750,1839,1417,1497,2042,771,2376,1629,1381,2403,2632,1526,1276,935,1625,2097,3352
1489,1720,3567,2809,1871,728,1107,540,873,1768,1418,1619,2165,730,2414,1631,1503,2525,2755,1528,1399,936,1577,2099,3475
1522,1753,3599,2802,1864,722,1140,573,906,1762,1451,1652,2197,724,2408,1664,1536,2558,2787,1560,1431,969,1571,2131,3508
1493,1724,3571,2803,1750,723,1061,545,883,1677,1410,1629,2175,609,2460,1636,1513,2535,2765,1519,1403,928,1456,2090,3485
1347,1578,3425,2811,2217,1010,1351,828,779,2077,1439,1373,1792,1107,2427,1801,1257,2279,2509,1697,1257,1106,1870,2268,3229
1777,2008,3854,2382,2065,580,1697,1130,1209,1647,1868,1681,2046,948,1997,2221,1565,2709,2938,2118,1686,1527,2094,2689,3659
1741,1972,3819,2346,2029,544,1662,1095,1174,1612,1833,1645,2011,912,1961,2186,1529,2673,2903,2082,1651,1491,2058,2653,3623
1611,1843,3689,2678,1971,598,1229,663,996,1637,1541,1742,2287,830,2283,1754,1626,2648,2877,1650,1521,1059,1677,2221,3597
1735,1966,3812,2699,2043,619,1353,786,1119,1658,1664,1865,2268,902,2304,1877,1749,2771,3000,1773,1644,1182,1749,2344,3721
1782,2013,3860,2628,2005,548,1400,833,1166,1588,1711,1831,2197,888,2233,1924,1716,2818,3048,1821,1692,1229,1796,2391,3768
1756,1987,3834,2518,1895,438,1374,807,1140,1477,1685,1806,2171,778,2123,1898,1690,2793,3022,1795,1666,1204,1771,2366,3742
1715,1946,3793,2679,2023,599,1333,766,1099,1639,1644,1845,2248,882,2284,1857,1729,2751,2981,1754,1625,1162,1729,2325,3701
1794,2025,3872,2812,1893,732,1412,845,1178,1529,1723,1924,2381,776,2325,1936,1808,2831,3060,1833,1704,1242,1809,2404,3780
1695,1927,3773,2392,1800,342,1430,863,1128,1382,1741,1568,1933,682,2007,1954,1452,2628,2857,1850,1605,1259,1826,2421,3577
1867,2098,3945,2619,2144,687,1774,1207,1299,1727,1959,1830,2196,1027,2234,2298,1715,2799,3029,2195,1777,1604,2171,2766,3749
