0,1,2,3,4,5,6,7,8,9,10,11,12,13,14,15,16,17,18,19,20,21,22,23,24,25,26,27,28,29
3796,3515,2712,4304,3699,4384,4272,3900,2876,1216,2730,2669,3678,2992,4286,3899,4126,3708,3885,2538,2624,776,1537,2747,2939,2290,2495,2890,3324,4581
3591,3310,2507,4099,3494,4179,4347,3695,2671,1010,2525,2464,3473,2787,4081,4730,3921,3924,3680,2697,2524,571,1521,2769,2960,2316,2521,2916,4005,5077
3652,3371,2568,4160,3555,4243,4411,3756,2732,1071,2586,2528,3537,2848,4145,4791,3986,3988,3744,3035,2268,632,1686,2809,3000,2482,2687,3067,4060,5142
3486,3204,2402,3994,3389,4073,4242,3590,2566,905,2420,2359,3367,2681,3976,4625,3816,3819,3575,2532,2419,465,1357,2604,2796,2152,2357,2752,3851,4972
3389,3108,2305,3897,3292,3977,4145,3493,2469,745,2324,2262,3271,2585,3879,4528,3719,3722,3478,2792,2323,430,1598,2607,2798,2510,2629,2866,4111,4876
3300,3018,2216,3808,3203,3887,4056,3404,2380,701,2234,2173,3181,2495,3790,4438,3630,3633,3389,3010,2233,447,1837,2708,2899,2624,2730,2967,4540,4786
3753,3472,2669,4261,3656,4341,4509,3857,2833,1172,2687,2626,3635,2949,4243,4188,4083,4086,3842,3007,2581,733,1605,2853,3044,2401,2606,3000,3614,4870
3685,3403,2601,4193,3588,4272,4441,3789,2765,1104,2619,2558,3566,2880,4175,4453,4015,4018,3774,2973,2336,664,1658,2906,3097,2454,2658,3053,3878,5171
3453,3172,2370,3962,3356,4041,4210,3557,2534,873,2388,2327,3335,2649,3944,4592,3784,3787,3543,2741,2387,433,1345,2531,2723,2257,2462,2829,4060,4940
3754,3496,2671,4285,3657,4121,4289,3881,2857,1197,2712,2406,3415,2973,4023,4908,3864,3867,3622,2913,2146,757,1751,2998,3190,2546,2751,3146,4075,5020
3581,3456,2497,4246,3484,3947,4116,3841,2817,1078,2743,2233,3241,2933,3850,4734,3690,3693,3449,2739,1972,881,1890,3058,3250,2686,2891,3285,4215,4846
3403,3175,2319,3964,3306,3769,3938,3560,2536,1052,2391,2055,3063,2652,3672,4556,3512,3515,3271,2855,1999,798,2176,3059,3250,3038,3080,3317,4697,4668
3473,3192,2389,3981,3376,4047,4215,3577,2553,829,2407,2332,3341,2669,3949,4612,3789,3792,3548,2872,2105,622,1790,2799,2990,2702,2821,3058,4303,4946
3322,3040,2238,3830,3225,3909,4078,3426,2402,678,2256,2195,3204,2518,3812,4461,3652,3655,3411,3016,2248,424,1784,2685,2876,2696,2707,2944,4297,4808
3368,3087,2284,3876,3271,3956,4124,3472,2448,788,2303,2241,3250,2564,3858,4507,3699,3702,3457,2585,2302,348,1467,2525,2717,2262,2467,2784,3904,4855
3225,3354,2142,4108,3128,3592,3761,3726,2715,1231,2388,1877,2886,2831,3495,4379,3335,3338,3094,2714,1821,976,2325,3238,3429,3187,3259,3496,4862,4491
4795,4448,4040,4063,5021,4433,4375,3847,3809,2225,3928,3657,4525,3925,4738,3607,4974,4572,4692,3403,3700,2104,1004,1619,1811,1103,1308,1521,3032,4289
4347,4000,4020,3598,4725,4361,4303,3381,3383,2154,3632,4344,4989,3477,4666,3566,5027,5036,5156,3867,4164,2220,1262,833,1019,69,347,742,3073,4071
4561,4214,3779,4053,4722,4423,4365,3837,3575,1926,3629,3736,4456,3691,4728,3597,4904,4503,4623,3334,3630,1843,705,1479,1670,962,1167,1562,3022,4279
4133,3787,3689,3882,4401,4646,4588,3666,3148,1822,3308,3981,4985,3264,4951,3851,5433,5025,5192,3855,4041,1889,810,941,1133,672,888,1125,3456,4356
4712,4366,4268,4163,4980,4425,4367,3947,3727,2320,3886,4156,4826,3843,4730,3599,5091,4873,4992,3703,4000,2263,1099,1398,1585,708,913,1307,3024,4281
4243,3897,3799,4059,4511,4535,4477,3842,3258,1933,3418,3848,4857,3374,4840,3709,5305,4691,4811,3521,3909,1999,791,1117,1309,659,864,1258,3134,4532
4467,4120,4113,3857,4825,4621,4563,3641,3572,2247,3732,4190,5199,3597,4926,3825,5287,5033,5153,3864,4251,2313,1134,1092,1279,401,606,1001,3139,4331
4167,3821,3985,3387,4603,4150,4092,3170,3261,2206,3510,4394,5281,3298,4456,3355,4817,5362,5489,4241,4404,2273,1411,622,808,438,294,531,2862,3861
3954,3607,3654,3532,4332,4295,4237,3315,2990,1787,3239,3977,4950,3084,4600,3500,4961,5401,5157,4108,4038,1853,964,590,782,514,615,852,3183,4005
3808,3462,3364,3878,4075,4641,4583,3502,2823,1497,2982,3687,4660,2939,4946,3846,5108,5111,4867,4392,3748,1563,1018,937,1128,852,958,1195,3527,4351
3662,3315,3217,3889,3929,4806,4748,3432,2677,1594,2836,3626,4513,2792,5101,4010,4962,4965,4721,4245,3636,1661,1247,1232,1423,1147,1254,1491,3822,4516
3418,3071,3088,3561,3796,4479,4421,3104,2454,1635,2703,3496,4384,2548,4784,3683,4832,4835,4591,4116,3506,1701,1287,1033,1141,1188,1249,1486,3794,4189
3181,2835,2737,3329,3449,4470,4412,2872,2196,1587,2356,3146,4033,2312,4620,3675,4481,4484,4240,3765,3155,1695,1514,1253,1216,1415,1522,1759,3776,4180
4498,4151,4316,3650,4933,4168,4110,3433,3591,2556,3840,4724,5612,3628,4473,3342,4834,5379,5819,4329,4734,2622,1761,885,1071,787,643,197,2767,4123
4133,3786,3806,3730,4511,4494,4436,3514,3169,1939,3418,4130,5102,3263,4799,3699,5160,5131,5309,3961,4190,2006,1048,789,981,380,585,980,3311,4204
4274,3928,4093,3426,4710,4190,4132,3210,3368,2332,3617,4501,5388,3405,4495,3395,4856,5401,5596,4367,4511,2399,1537,661,848,564,420,315,2902,3900
3901,3554,3823,3095,4440,3858,3800,2878,3005,2258,3347,4231,5119,3031,4164,3063,4525,5070,5326,4851,4241,2325,1435,298,416,778,646,765,2916,3569
3499,3152,3259,3554,3877,4327,4269,3078,2535,1826,2784,3667,4555,2629,4633,3532,5003,5006,4762,4287,3677,1893,1253,859,990,979,1078,1315,3643,4037
3670,3323,3488,3304,4105,4068,4010,2964,2763,2162,3012,3896,4784,2800,4373,3272,4734,5235,4991,4516,3906,2228,1383,395,556,819,730,945,3288,3778
3458,3112,3276,3381,3894,4145,4087,2896,2552,2122,2801,3685,4572,2589,4450,3350,4811,5023,4779,4304,3694,2188,1467,472,634,918,829,1044,3387,3855
3290,2944,2988,3375,3668,4344,4286,2900,2326,1877,2575,3397,4284,2421,4729,3549,4733,4736,4492,4016,3407,1944,1530,1024,1030,1284,1383,1620,3659,4054
3121,2775,2882,3265,3499,4303,4245,2808,2157,1847,2406,3290,4178,2252,4560,3508,4626,4629,4385,3910,3300,1973,1726,1074,1037,1452,1430,1646,3619,4013
3172,2825,3037,3162,3655,4031,3973,2686,2313,2057,2561,3446,4333,2302,4336,3235,4781,4784,4540,4065,3455,2124,1581,744,693,1182,1093,1308,3346,3741
3776,3429,3594,3575,4211,4339,4281,3235,2869,1919,3118,4002,4890,2906,4644,3543,5005,5341,5097,4622,4012,1985,1203,638,828,789,842,1057,3400,4049
4610,3923,4638,3460,5235,3781,3723,3244,3792,3075,4109,4732,5171,3800,4086,2955,4447,4992,5378,4478,4774,3141,2280,1309,1203,1306,1162,693,2380,3637
4080,3438,4030,2975,4627,3739,3681,2759,3184,2467,3501,4438,5129,3210,4044,2944,4405,4950,5336,4502,4448,2533,1672,701,595,698,554,658,2438,3449
4002,3315,4343,2852,4779,3616,3558,2636,3439,2799,3636,4752,5006,3233,3921,2821,4282,4827,5213,4524,4762,2865,2004,1034,927,1030,886,788,2323,3326
4089,3402,4902,2939,4749,3309,3251,2723,3562,3339,3723,4363,4699,3296,3614,2483,3975,4520,4906,4109,4406,3154,2544,1574,1467,1571,1427,1109,1908,3165
4623,3961,4524,3498,5142,3970,3912,3282,3727,2764,4049,4336,5204,3754,4275,3144,4636,5181,5370,4081,4378,2830,1969,1093,1138,995,851,275,2569,3972
3849,3502,3799,3043,4397,3807,3749,2826,2953,2512,3270,4207,5095,2979,4112,3011,4473,5018,5302,4827,4217,2578,1682,490,364,743,599,703,2643,3517
3391,3020,3341,2995,3939,3759,3701,2497,2495,2474,2812,3749,4637,2506,4064,2964,4425,4970,4844,4369,3759,2541,1695,455,404,1131,1042,1208,3075,3469
3673,3328,3623,2915,4221,3679,3621,2699,2777,2573,3094,4032,4919,2814,3984,2884,4345,4890,5126,4651,4041,2639,1764,343,164,1038,894,997,2973,3389
4299,3612,4512,3149,4965,3538,3480,2933,3666,2949,3933,4592,4928,3492,3843,2712,4204,4749,5135,4338,4634,3016,2154,1184,1077,1181,1037,951,2137,3623
3789,3183,3819,2721,4417,3484,3426,2504,2973,2770,3290,4228,4874,2831,3789,2689,4150,4695,5081,4847,4238,2836,1943,614,440,1028,884,987,2800,3194
3802,3196,3948,2733,4390,3497,3439,2517,3049,3013,3419,4357,4887,2844,3802,2702,4163,4708,5094,4976,4367,3080,2187,858,684,1354,1210,1313,2813,3207
3576,2888,4095,2426,4242,3189,3131,2209,3081,3046,3209,4504,4579,2783,3494,2394,3856,4401,4786,4716,4513,3113,2251,1114,935,1278,1134,1143,2089,2899
3879,3192,4535,2729,4545,3492,3434,2512,3351,3195,3512,4943,4882,3086,3798,2697,4159,4704,5090,4545,4953,3261,2400,1429,1247,1426,1282,1197,2164,3203
3117,2760,3067,2913,3665,3817,3759,2438,2221,2161,2538,3476,4363,2245,4122,3022,4484,4814,4570,4095,3485,2389,1867,702,650,1378,1289,1454,3133,3527
3258,2814,3167,2852,3725,3615,3558,2354,2321,2511,2631,3576,4463,2300,3921,2820,4282,4827,4671,4195,3586,2577,1925,705,608,1382,1293,1458,2931,3326
3480,3037,3516,2701,4026,3465,3407,2437,2642,2746,2932,3924,4811,2522,3770,2669,4131,4676,5019,4544,3934,2812,1967,692,544,1273,1129,1233,2780,3175
3707,3020,4035,2557,4361,3321,3263,2341,3021,3336,3341,4444,4711,2815,3626,2525,3987,4532,4918,5063,4453,3403,2510,1181,1007,1644,1500,1599,2636,3031
3411,2724,4050,2261,4077,3024,2966,2044,2883,3309,3044,4424,4414,2618,3330,2229,3691,4236,4622,4460,4791,3375,2514,1377,1197,1540,1396,1329,1833,2735
3077,2389,3716,1927,3742,2690,2632,1710,2549,3501,2710,4090,4080,2284,2995,1895,3356,3901,4287,4636,4457,3577,2715,1493,1319,1742,1598,1687,2006,2400
3913,3226,4552,2763,4579,3301,3244,2546,3385,3238,3546,4356,4691,3120,3607,2475,3968,4513,4899,4101,4398,3146,2443,1473,1366,1470,1325,1122,1900,3237
3628,2941,4268,2478,4294,3242,3184,2262,3101,3599,3262,4642,4632,2835,3547,2447,3908,4453,4839,4631,5008,3666,2805,1726,1546,1831,1687,1602,1884,2952
3795,3108,4435,2645,4461,3248,3190,2429,3268,3703,3429,4640,4638,3002,3553,2422,3914,4459,4845,4386,4682,3431,2908,1937,1831,1934,1790,1586,1847,3119
3349,3549,2288,4231,3000,3285,3453,3861,2968,2551,2523,1728,2579,3271,3187,4072,3028,3030,2692,1486,1453,2185,3204,4058,4250,3542,3747,4142,4746,4184
3129,3317,2045,4011,3032,3380,3549,3629,2736,1984,2291,1666,2675,3040,3283,4167,3123,3126,2884,1679,1358,1618,2636,3649,3841,3133,3338,3733,4220,4279
2957,3157,1896,3839,2608,2893,3061,3469,2576,2523,2131,1372,2187,2879,2795,3680,2635,2638,2300,1094,949,2160,3178,4130,4321,3614,3819,4213,4354,3792
2951,3134,1889,3833,2739,3023,3192,3446,2553,2498,2108,1309,2318,2856,2926,3810,2766,2769,2525,1958,885,2380,3705,4582,4531,4225,4430,4972,4485,3922
2926,3126,1865,3809,2578,2862,3031,3438,2545,2682,2100,1305,2156,2848,2765,3649,2605,2608,2269,1064,1341,2293,3300,4105,4296,3588,3793,4188,4323,3761
2887,3070,1825,3769,2675,2960,3128,3382,2489,2621,2044,1245,2254,2793,2862,3747,2703,2706,2349,1310,822,2504,3609,4519,4467,3937,4142,4537,4421,3859
2707,2891,1646,3590,2496,2780,2949,3203,2310,2442,1865,1066,2074,2613,2683,3567,2523,2526,2282,1453,642,2324,3708,4339,4288,4160,4365,4884,4241,3679
2257,2440,1195,3139,2045,2330,2498,2752,1859,1991,1414,615,1624,2163,2232,3117,2073,2075,1831,1452,503,1874,3264,3888,3837,4090,4197,4434,3791,3229
2137,2325,1053,3019,2040,2624,2792,2637,1744,1681,1299,909,1918,2048,2526,3410,2366,2369,2125,1690,919,1564,2954,3774,3722,3740,3846,4084,3774,3523
3377,3507,2235,4259,3028,3313,3481,3819,2926,2185,2481,1756,2607,3229,3215,4099,3055,3058,2720,1514,1481,1819,2837,3996,4187,3364,3569,3963,4451,4211
3210,3399,2127,4093,3063,3348,3516,3711,2818,2080,2373,1747,2642,3121,3250,4134,3090,3093,2755,1549,1439,1714,2732,3772,3963,3255,3460,3855,4342,4247
3067,3266,2005,3949,2718,3002,3171,3578,2685,2560,2240,1446,2296,2988,2905,3789,2745,2748,2409,1204,1187,2197,3215,4172,4363,3656,3861,4255,4463,3901
3305,3488,2244,4187,2952,3236,3405,3800,2907,2683,2462,1663,2530,3211,3139,4023,2979,2982,2643,1438,1240,2320,3338,4497,4688,3903,4108,4502,4697,4135
3045,3228,1983,3927,2802,3086,3255,3540,2647,2597,2202,1403,2381,2950,2989,3873,2829,2832,2493,1288,980,2306,3324,4483,4625,3891,4096,4491,4547,3985
2837,3020,1775,3719,2625,2910,3078,3332,2439,2571,1994,1195,2204,2742,2812,3696,2652,2655,2411,1397,772,2454,3513,4468,4417,4001,4206,4600,4371,3808
3022,3210,1938,3904,2911,3195,3364,3522,2629,2195,2184,1481,2489,2933,3098,3982,2938,2941,2697,1778,1057,2020,3211,4364,4388,3802,4007,4401,4659,4094
2759,2947,1675,3641,2577,2862,3030,3259,2366,1933,1921,1147,2156,2670,2764,3648,2604,2607,2363,1783,724,1757,3092,4101,4125,3613,3818,4360,4396,3761
2901,3085,1840,3784,2690,2974,3143,3397,2504,2424,2059,1260,2268,2807,2877,3761,2717,2720,2476,1463,836,2248,3448,4533,4482,3991,4196,4591,4435,3873
2256,2445,1172,3138,2163,2447,2616,2756,1863,1778,1418,733,1742,2167,2350,3234,2190,2193,1949,1514,743,1660,3050,3893,3841,3837,3943,4180,3893,3346
2070,2404,1003,2953,1973,2349,2518,2716,1823,1916,1378,606,1644,2127,2252,3136,2092,2095,1851,1472,702,1798,3188,3852,3801,3975,4081,4318,3810,3248
2690,3044,1628,3572,2341,2625,2794,3356,2463,2595,2018,1221,1920,2767,2528,3412,2368,2371,2041,1224,594,2478,3862,4493,4441,4169,4374,4769,4086,3524
2824,3108,1762,3706,2475,2759,2928,3420,2527,2663,2082,1287,2053,2830,2662,3546,2502,2505,2166,961,988,2546,3469,4274,4505,3757,3962,4357,4220,3658
2266,2740,1205,3148,1917,2202,2370,3171,2405,2751,2004,1082,1496,2709,2104,2989,1944,1947,1625,342,1263,2633,3557,4361,4592,3845,4050,4445,3663,3101
2442,2915,1381,3324,2093,2378,2546,3347,2581,2960,2180,1287,1672,2885,2280,3164,2120,2123,1794,976,692,2843,3907,4858,4806,4196,4401,4795,3839,3277
2282,2755,1220,3164,1933,2218,2386,3187,2421,2993,2020,1098,1512,2724,2120,3004,1960,1963,1633,747,1000,2876,3831,4686,4635,4120,4325,4719,3679,3116
2199,2673,1138,3082,1851,2135,2304,3104,2339,2911,1937,1015,1159,2642,2038,2922,1878,1795,1137,853,1247,2793,4028,4604,4552,4317,4522,4917,3596,3034
2371,2675,1309,3253,2126,2411,2579,2987,2094,2226,1649,667,1705,2398,2313,3198,2153,2156,1912,1285,321,2109,3499,4123,4072,4325,4432,4669,3872,3310
1513,1986,451,2395,1416,1969,2137,2417,1652,2308,1250,421,1263,1955,1871,2755,1711,1714,1470,995,1124,2311,3701,3917,3866,4272,4378,4615,3430,2867
2773,3246,1711,3655,2424,2708,2877,3607,2714,2850,2269,1552,2003,3017,2611,3495,2451,2454,2116,910,926,2733,3656,4461,4692,3944,4149,4544,4170,3607
2604,2865,1542,3486,2295,2579,2748,3177,2284,2417,1839,911,1873,2588,2482,3366,2322,2325,2039,1222,148,2299,3689,4314,4262,4516,4622,4859,4040,3478
2487,2832,1426,3369,2178,2463,2631,3144,2251,2383,1806,795,1757,2554,2365,3249,2205,2208,1964,1208,478,2265,3655,4280,4228,4482,4588,4825,3924,3361
2452,2925,1390,3334,2103,2387,2556,3356,2591,3115,2190,1267,1682,2894,2290,3174,2130,2133,1803,860,847,2998,3896,4700,4805,4184,4389,4784,3849,3286
2323,2796,1261,3205,1974,2259,2427,3228,2462,3035,2061,1139,1497,2765,2161,3045,2001,2004,1475,703,1357,2917,3894,4727,4676,4182,4387,4782,3720,3157
2306,2780,1245,3188,1957,2242,2410,3211,2445,2778,2044,952,1536,2749,2144,3029,1984,1987,1731,914,510,2661,4051,4675,4624,4378,4583,4977,3703,3141
2105,2578,1044,2987,1756,2041,2209,3010,2244,2564,1843,672,1335,2548,1943,2827,1783,1786,1542,748,631,2446,3836,4532,4481,4212,4417,4966,3502,2940
2142,2616,1081,3025,1794,2078,2247,3047,2281,2854,1880,958,1319,2585,1981,2865,1821,1824,1297,718,1112,2736,3894,4547,4495,4182,4387,4782,3539,2977
1910,2383,848,2792,1561,1845,2014,2814,2049,2621,1647,725,1139,2352,1748,2632,1588,1591,1347,747,960,2503,3893,4314,4262,4210,4415,5012,3306,2744
2102,2575,1040,2984,1793,2077,2246,3006,2103,2164,1658,372,1372,2406,1980,2864,1820,1823,1579,1200,628,2046,3436,4132,4081,4223,4329,4566,3538,2976
2097,2571,1036,2979,1795,2079,2247,3002,2236,2436,1835,543,1373,2540,1981,2866,1822,1825,1580,990,727,2318,3708,4404,4353,4495,4601,4838,3540,2978
1918,2392,857,2800,1821,2255,2423,2823,1997,2058,1552,277,1549,2301,2157,3041,1997,2000,1756,1329,754,1941,3331,4027,3975,4117,4224,4461,3716,3154
1881,2354,814,2763,1784,2433,2601,2786,1947,2158,1502,417,1727,2250,2335,3219,2175,2178,1934,1486,973,2012,3402,3976,3925,4178,4284,4521,3894,3331
1689,2163,628,2571,1592,2074,2243,2594,1828,2282,1427,286,1368,2132,1977,2861,1817,1820,1576,1100,977,2164,3554,4094,4042,4341,4447,4684,3535,2973
1904,2377,842,2786,1432,1716,1885,2808,2043,2272,1642,376,1010,2346,1619,2503,1459,1462,1218,839,936,2154,3544,4240,4189,4331,4437,4674,3177,2615
3484,2797,4123,2523,4006,2566,2508,2134,2957,5061,3118,4154,3956,2691,2871,1740,3232,3777,4163,4512,4714,4238,3676,3143,3036,3140,2996,2650,1043,2422
3045,2358,3684,2084,3567,2127,2069,1695,2518,4623,2679,3715,3517,2252,2432,1301,2793,3338,3724,4073,4275,4690,3421,2888,2781,2885,2740,2394,632,1983
2993,2306,3632,2032,3515,2075,2017,1643,2466,4570,2626,3663,3465,2200,2380,1249,2741,3286,3672,4021,4222,4638,3629,3095,2989,3092,2948,2602,452,1931
3222,2535,3861,2261,3744,2304,2246,1872,2694,4799,2855,3892,3694,2429,2609,1478,2970,3515,3901,4250,4451,4867,3933,3400,3293,3397,3252,2906,511,2160
3495,2808,3875,2239,3498,2059,2001,2145,2968,5073,3129,3646,3448,2702,2364,1171,2725,3270,3656,4004,4206,5140,4203,3669,3563,3666,3522,3176,1044,1914
3646,3004,4005,2370,3629,2189,2131,2341,3164,5268,3325,3777,3579,2898,2494,1301,2855,3400,3786,4135,4336,5336,4038,3504,3398,3501,3357,3011,1048,2045
3434,2888,3794,2158,3417,1977,1919,2225,3048,5153,3209,3565,3367,2782,2283,1090,2644,3189,3575,3923,4125,5220,4084,3551,3444,3548,3404,3058,1221,1833
3513,2967,3872,2237,3496,2056,1998,2304,3127,5231,3288,3644,3446,2861,2361,1169,2722,3267,3653,4002,4204,5299,3937,3403,3296,3400,3256,2910,1249,1912
3366,2679,4005,2405,3888,2448,2390,2016,2839,4943,3000,4036,3838,2573,2753,1622,3114,3659,4045,4394,4596,5011,3895,3361,3255,3358,3214,2868,712,2304
3447,2760,4086,2486,3969,2529,2471,2097,2920,5024,3081,4117,3919,2654,2834,1730,3195,3740,4126,4475,4677,5092,3863,3330,3223,3327,3182,2836,723,2385
3800,3112,4220,2584,3843,2403,2346,2449,3272,5377,3433,3991,3793,3007,2709,1516,3070,3615,4001,4349,4551,4356,3794,3260,3154,3257,3113,2767,1152,2259
3794,3106,4160,2524,3784,2344,2286,2443,3266,5371,3427,3931,3734,3001,2649,1456,3010,3555,3941,4290,4491,4320,3758,3224,3117,3221,3077,2731,1119,2200
3878,3057,4237,2601,3860,2421,2363,2394,3217,4699,3378,4008,3810,2951,2726,1533,3087,3632,4018,4366,4568,4162,3600,3067,2960,3064,2920,2573,1398,2276
3865,3177,4329,2694,3953,2513,2455,2514,3337,4712,3498,4100,3903,3072,2818,1625,3179,3724,4110,4459,4660,4175,3613,3079,2972,3076,2932,2586,1316,2369
3764,3343,4123,2614,3747,2307,2249,2680,3503,5608,3664,3895,3697,3238,2612,1545,2973,3404,3904,4253,4454,4785,4223,3690,3583,3686,3542,3196,1621,2163
3730,3183,4089,2453,3712,2272,2214,2520,3343,5448,3504,3860,3662,3077,2578,1385,2939,3484,3870,4218,4420,4379,3817,3283,3177,3280,3136,2790,1396,2128
3917,3267,4277,2758,3900,2460,2402,2604,3426,4909,3587,4048,3850,3161,2766,1689,3127,3558,4058,4406,4608,4372,3810,3276,3170,3273,3129,2783,1701,2316
3577,2890,4197,2561,3820,2380,2322,2227,3050,5154,3211,3968,3770,2784,2686,1493,3047,3592,3977,4326,4528,5222,4189,3656,3549,3653,3508,3162,772,2236
3115,3303,2031,3997,2826,3110,3241,3615,2722,2534,2277,1482,2404,3025,3013,3773,2853,2677,2517,1312,1604,2094,3101,3906,4097,3390,3595,3989,4447,4009
2905,3378,1843,3787,2556,2840,2766,3809,3044,3254,2642,1720,2058,3347,2743,3298,2475,2129,1675,807,1939,2815,3822,4627,4818,4110,4315,4710,3972,3739
2998,3186,1914,3880,2709,2994,3162,3498,2605,2742,2160,1366,2288,2909,2896,3780,2736,2739,2401,1195,1452,2228,3235,4040,4231,3524,3729,4124,4455,3892
3050,3247,1988,3932,2701,2985,3154,3559,2666,2803,2221,1427,2280,2970,2888,3772,2728,2731,2445,1197,1513,2289,3296,4101,4292,3585,3790,4184,4447,3884
2812,3286,1751,3694,2463,2748,2916,3717,2951,3158,2576,1628,2042,3255,2650,3535,2490,2493,2220,920,1846,2644,3651,4456,4647,3939,4144,4539,4209,3647
2812,3285,1750,3694,2463,2748,2916,3716,2793,2930,2348,1554,2042,3097,2650,3534,2490,2493,2220,919,1640,2416,3423,4228,4419,3712,3917,4311,4209,3646
2546,3020,1485,3428,2197,2482,2650,3451,2685,2910,2284,1362,1776,2989,2384,3269,2225,2228,1941,693,1580,2471,3478,4283,4474,3767,3972,4366,3943,3381
2596,3069,1534,3478,2247,2532,2700,3501,2735,3179,2334,1412,1826,3039,2434,3318,2274,2277,1991,743,1630,2591,3599,4403,4595,3887,4092,4487,3993,3431
2457,2931,1396,3340,2109,2393,2562,3362,2596,2807,2195,1273,1687,2900,2296,3180,2136,2139,1733,485,1491,2367,3375,4179,4371,3663,3868,4263,3854,3292
2727,3200,1665,3609,2378,2663,2831,3631,2866,3077,2465,1543,1687,3169,2565,3449,2429,1962,1483,435,1761,2637,3644,4449,4640,3933,4138,4532,4124,3561
3046,3519,1984,3928,2604,2781,2919,3950,3185,3395,2783,1861,1700,3488,2683,3450,2266,1799,1320,738,2080,2956,3963,4768,4959,4251,4456,4851,4125,3680
2300,2774,1239,3183,1952,2236,2405,3205,2439,3012,2038,1116,1543,2743,2139,3023,1979,1982,1521,116,1334,2618,3625,4430,4653,3913,4118,4513,3697,3135
2536,3009,1474,3418,2187,2472,2640,3440,2675,3247,2274,1352,1642,2978,2374,3258,2214,1994,1515,160,1570,2853,3860,4665,4889,4149,4354,4749,3933,3370
2804,3278,1743,3687,2456,2740,2909,3709,2944,3516,2542,1620,1471,3247,2643,3527,2213,1746,1267,427,1838,2910,3917,4722,4913,4206,4411,4805,4201,3639
2978,3452,1917,3861,2675,2775,2882,3883,3117,3690,2716,1794,1511,3421,2678,3562,2078,1611,1132,601,2012,3085,4093,4897,5089,4381,4586,4981,4236,3674
2913,3148,1852,3796,2565,2849,3018,3460,2567,2704,2122,1328,2143,2871,2752,3636,2592,2595,2256,1050,1414,2190,3197,4002,4193,3486,3691,4085,4310,3748
2934,3255,1872,3816,2585,2869,3038,3567,2674,2811,2229,1434,2164,2977,2772,3656,2612,2615,2276,1071,1578,2332,3339,4144,4335,3628,3832,4227,4330,3768
2652,3125,1590,3534,2303,2587,2756,3556,2791,3081,2390,1467,1882,3094,2490,3374,2330,2333,1994,785,1549,2703,3710,4514,4706,3998,4203,4598,4048,3486
2652,3125,1590,3534,2303,2587,2756,3517,2624,2760,2179,1384,1881,2927,2490,3374,2330,2333,1994,789,1263,2643,3566,4370,4601,3854,4059,4454,4048,3486
2612,3086,1551,3494,2263,2548,2716,3517,2676,2812,2231,1428,1842,2979,2450,3335,2291,2294,1955,746,1280,2695,3618,4422,4654,3906,4111,4506,4009,3447
2481,2954,1419,3363,2132,2417,2585,3385,2588,2724,2143,1297,1711,2891,2319,3203,2159,2162,1824,618,1251,2607,3530,4335,4566,3818,4023,4418,3878,3315
2602,3075,1540,3484,2253,2538,2706,3507,2741,3314,2340,1418,1428,3045,2440,3324,2280,1917,1406,248,1636,2919,3927,4731,4955,4215,4420,4815,3999,3436
2456,2929,1395,3338,2107,2392,2560,3361,2595,3168,2194,1272,1132,2899,2294,3178,2134,1768,1109,573,1495,3050,4027,4860,4809,4315,4520,4915,3853,3291
2471,2945,1410,3353,2007,2291,2460,3376,2610,3101,2209,1205,849,2914,2194,3078,1952,1485,827,870,1572,2984,4374,4875,4824,4601,4806,5201,3752,3190
3112,3703,2168,3968,2416,2516,2622,4134,3369,3895,2967,1999,1252,3672,2418,3302,1818,1351,872,852,2278,3337,4344,5148,5340,4632,4837,5232,3977,3414
2973,3446,1911,3855,2504,2759,2865,3878,3112,3664,2711,1769,1258,3416,2661,3545,2061,1594,1057,633,2007,3117,4125,4929,5121,4413,4618,5013,4220,3657
2683,3156,1621,3565,1990,2275,2443,3587,2822,3313,2420,1417,744,3125,2177,3062,1847,1381,722,1103,1873,3195,4585,5087,5036,4807,5012,5407,3736,3174
3075,3548,2013,3957,2394,2494,2601,3979,3214,3705,2812,1809,1142,3517,2397,3281,1797,1330,793,900,2126,3587,4392,5196,5428,4680,4885,5280,3955,3393
2694,3342,1807,3751,1998,2282,2466,3773,3008,3499,2607,1603,713,3311,2185,3069,1661,1195,490,1133,2059,3381,4771,5273,5222,4922,5127,5522,3744,3181
2850,3557,2181,3706,2154,2254,2360,3852,3381,3872,2980,1976,990,3696,2156,3040,1556,1089,610,1222,2432,3754,4714,5646,5595,5002,5207,5602,3715,3153
2666,3373,2087,3522,1970,2070,2176,3667,3240,3942,2839,2046,806,3512,1972,2856,1372,905,426,1357,2502,3824,4849,5679,5628,5138,5343,5738,3531,2968
2419,3126,2051,3275,1723,1823,1929,3420,2993,3867,2592,1971,770,3265,1725,2609,1125,658,501,1586,2530,3749,4701,5432,5381,4989,5194,5589,3284,2721
2781,3254,1719,3663,2432,2716,2885,3685,2920,3492,2518,1596,1225,3223,2619,3503,2194,1727,1093,700,1820,3375,4215,5020,5134,4504,4709,5103,4177,3615
2590,3063,1528,3472,2241,2525,2694,3494,2729,3301,2327,1405,1132,3032,2428,3312,2235,1768,1110,564,1629,3184,4033,4838,4943,4322,4527,4922,3986,3424
2713,3186,1651,3595,2173,2458,2626,3618,2852,3343,2451,1447,927,3156,2360,3244,2030,1564,905,792,1800,3225,4208,5117,5066,4496,4701,5096,3919,3357
2974,3682,2238,3830,2278,2378,2485,3976,3438,3929,3037,2034,1114,3742,2281,3165,1680,1214,735,973,2351,3457,4465,5269,5652,4753,4958,5353,3839,3277
2902,3375,1840,3784,2215,2499,2659,3806,3041,3532,2639,1636,969,3344,2402,3286,1855,1389,769,964,2017,3414,4455,5306,5255,4744,4949,5344,3960,3398
2523,3312,1777,3563,1827,2111,2280,3743,2977,3468,2576,1573,581,3281,2014,2898,1628,1162,457,1332,2029,3351,4741,5243,5191,5037,5242,5636,3572,3010
2873,3393,1859,3802,2177,2276,2383,3825,3059,3550,2658,1654,866,3363,2179,3063,1579,1112,460,1267,2110,3432,4823,5324,5273,5024,5229,5624,3737,3175
2569,3338,1826,3502,1872,2050,2157,3648,3144,3642,2743,1746,545,3415,1953,2837,1353,886,158,1505,2304,3524,4914,5395,5343,5286,5491,6093,3511,2949
2321,3091,1579,3361,1625,1909,2078,3507,2897,3394,2495,1499,379,3167,1812,2696,1443,977,372,1446,2058,3277,4667,5147,5096,5150,5608,5845,3370,2808
2413,3183,1671,3454,1717,2002,2142,3600,2989,3487,2587,1591,390,3259,1904,2788,1338,871,211,1549,2150,3369,4759,5239,5188,5253,5700,5938,3463,2900
2239,3008,1776,3203,1542,1751,1905,3349,2813,3591,2412,1695,372,3085,1654,2538,1101,634,406,1681,2255,3474,4864,5252,5200,5212,5417,5043,3212,2650
2454,2927,1392,3336,1867,2151,2320,3358,2593,3084,2192,1188,838,2896,2054,2938,1894,1474,816,1179,1644,2966,4356,4858,4807,4715,4920,5556,3613,3050
2231,2704,1169,3113,1696,1981,2149,3136,2370,2819,1969,923,955,2673,1883,2767,1723,1726,1162,1281,1483,2702,4092,4635,4584,4745,4984,5222,3442,2879
2271,3007,1494,3311,1575,1859,2028,3438,2672,3122,2271,1226,558,2976,1762,2646,1602,1360,765,1562,1785,3004,4394,4938,4886,5048,5287,5524,3320,2758
2030,2503,893,2912,1302,1586,1755,2934,2169,2618,1767,722,880,2472,1489,2373,1329,1332,1088,1080,1282,2500,3890,4462,4410,4544,4923,5160,3047,2485
1924,2693,1182,2964,1228,1512,1681,3110,2499,2997,2098,1101,641,2770,1415,2299,1255,1258,848,1460,1661,2880,4270,4750,4699,5105,5211,5448,2973,2411
2142,2911,1400,3182,1446,1730,1899,3328,2717,3215,2316,1319,571,2988,1633,2517,1473,1373,778,1574,1879,3098,4488,4968,4917,5323,5429,5666,3191,2629
2069,2839,1422,3165,1373,1753,1922,3270,2644,3238,2242,1342,332,2915,1656,2540,1251,1070,681,1768,1902,3120,4511,4991,4940,5346,5452,5689,3214,2652
2305,2778,1243,3187,1850,2134,2303,3209,2444,2935,2042,1039,950,2747,2037,2921,1877,1664,1005,1254,1599,2817,4207,4709,4658,4790,5170,5407,3595,3033
2099,2573,1038,2982,1528,1812,1981,3004,2238,2688,1837,792,1106,2542,1715,2599,1555,1558,1280,1150,1351,2570,3960,4504,4452,4614,4853,5090,3273,2711
1659,2132,471,2541,1211,1920,2088,2563,1789,2467,1387,1064,1081,2092,1822,2706,1662,1665,1288,1623,1767,2490,3881,4039,3988,4394,4500,4738,3381,2818
1840,2313,652,2722,1402,1824,1993,2744,2027,2648,1626,1117,985,2331,1727,2611,1567,1570,1193,1432,1634,2671,4061,4220,4169,4575,4681,4918,3285,2723
1794,2351,690,2760,1139,1756,1925,2782,1962,2687,1561,1167,918,2266,1659,2543,1499,1502,1125,1526,1727,2710,4100,4259,4207,4614,4720,4957,3217,2655
1511,2164,752,2573,912,2040,2209,2595,1730,2732,1329,1390,1277,2033,1943,2827,1783,1743,1484,1885,2093,2755,4216,4168,4117,4626,4733,4970,3501,2970
1581,2288,694,2697,944,1903,2072,2719,1846,2690,1445,1329,1132,2150,1806,2690,1646,1606,1340,1740,1942,2713,4103,4285,4233,4617,4723,4960,3364,2802
1298,1976,810,2385,649,2069,2237,2407,1541,2790,1140,1388,1430,1845,2003,2855,1811,1746,1637,2038,2080,2813,4274,3980,3928,4589,4533,4749,3571,2756
2096,2627,1115,3036,1400,1684,1853,3058,2293,2742,1892,846,944,2596,1586,2471,1427,1430,1151,1204,1406,2624,4015,4558,4507,4668,4907,5144,3145,2583
2321,3090,1578,3361,1625,1909,2078,3507,2806,3255,2404,1359,410,3109,1811,2696,1652,1212,536,1345,1919,3137,4527,5071,5020,5049,5420,5657,3370,2808
1847,2644,1002,2943,1151,1683,1852,3075,2228,2990,1827,1094,845,2532,1586,2470,1426,1429,1052,1453,1654,2873,4263,4571,4519,4925,5032,5269,3144,2582
1830,2599,1125,2870,1134,1418,1587,3016,2318,2886,1916,990,815,2621,1321,2205,1161,1164,1022,1348,1550,2768,4158,4702,4650,4812,5051,5288,2879,2317
1592,2361,919,2688,896,1603,1771,2793,1997,2915,1596,1241,991,2301,1505,2389,1345,1348,1199,1599,1801,2939,4329,4436,4384,4842,4949,5186,3064,2501
2132,2901,1553,3228,1435,1820,1988,3332,2706,3369,2305,1473,79,2978,1722,2606,1157,852,488,1664,2033,3251,4641,5145,5093,5477,5583,5820,3281,2718
2514,3221,2315,3223,1817,1613,1283,3255,3088,3982,2687,2086,1236,3360,1516,2155,733,667,1269,2354,2646,3864,5255,5527,5475,4859,4715,4369,2829,2267
2608,3315,2409,3322,1912,1713,1383,3354,3182,4076,2781,2180,1330,3454,1615,2254,842,762,1363,2448,2740,3959,5349,4806,4699,4803,4659,4312,2928,2366
1715,2484,1346,2811,1019,1362,1530,2916,2290,3014,1888,1118,658,2561,1264,2148,983,814,1040,1476,1678,2896,4286,4728,4677,4940,5179,5416,2823,2260
1462,2232,1313,2558,766,1283,1452,2663,2037,2981,1635,1085,887,2308,1186,2070,1069,989,1094,1443,1645,2863,4253,4475,4424,4907,5029,5244,2744,2182
1888,2658,1689,2984,1192,1493,1661,3089,2463,3357,2061,1461,565,2734,1395,2279,967,749,891,1819,2020,3239,4629,4901,4850,5283,5455,5670,2954,2392
1386,2156,1332,2482,690,1345,1513,2587,1961,3100,1559,1204,892,2232,1247,2131,1087,1022,1213,1562,1764,2982,4372,4399,4348,5009,4953,5168,2806,2243
1400,2126,1609,2274,838,1217,1385,2420,2221,3276,1819,1381,1179,2240,1038,2003,891,1038,1390,1739,1940,3159,4549,4659,4608,5269,5212,5428,2678,2019
1641,2308,1525,2456,1132,1004,1172,2602,2412,3192,2010,1296,933,2422,906,1791,578,760,1242,1654,1856,3074,4464,4850,4799,5118,5357,4631,2465,1903
1438,2104,1639,2253,1045,894,1063,2399,2446,3306,2026,1410,1212,2219,660,1681,609,1034,1420,1768,1970,3188,4578,4866,4814,5232,5419,4521,2356,1793
2217,2924,2018,3072,1520,1620,1727,3218,2791,3685,2390,1789,838,3063,1523,2407,923,456,660,1745,2349,3567,4629,5230,5178,4918,5123,5517,3081,2519
1981,2688,1782,2837,1285,1385,1560,2982,2556,3449,2154,1553,743,2827,1287,2171,541,443,940,1912,2113,3332,4722,4994,4943,5302,5547,4894,2846,2283
2131,2838,1932,2986,1434,1534,1641,3132,2705,3599,2304,1703,843,2977,1437,2321,837,370,876,1961,2263,3481,4871,5144,5092,5133,5338,4671,2995,2433
2318,2985,2225,2997,1728,1348,1138,3028,2999,3892,2597,1997,1209,3099,1250,1929,333,584,1242,2327,2556,3775,5165,4798,4621,5499,4926,4580,2603,2041
2242,2909,2287,2790,1849,1141,931,2822,3251,3954,2830,2058,1440,3023,1044,1722,305,815,1472,2416,2618,3836,5226,4591,4414,4970,4826,4482,2397,1834
1746,2413,1790,2561,1353,944,903,2707,2754,3458,2334,1562,1263,2527,846,1620,308,926,1460,1920,2121,3340,4730,4489,4312,4868,4724,4460,2294,1732
1789,2455,1810,2582,1433,798,931,2749,2697,3477,2295,1581,1383,2570,696,1585,506,1194,1591,1939,2141,3360,4750,4454,4277,4833,4689,4425,2259,1697
2202,2868,2186,2587,1809,938,691,2619,3073,3853,2671,1957,1733,2982,841,1519,566,1108,1766,2315,2517,3736,5126,4388,4211,4767,4623,4359,2193,1631
2388,3055,2371,2732,1994,1123,685,2764,3258,4038,2856,2142,1663,3169,1025,1664,576,1038,1696,2500,2702,3920,5310,4533,4356,4678,4534,4188,2339,1776
2015,2785,1816,3061,1319,1609,1777,3216,2590,3484,2188,1588,430,2861,1511,2395,929,649,745,2020,2147,3366,4756,5028,4977,5374,5582,5797,3070,2508
1734,2504,1536,2632,1038,1180,1349,2778,2309,3203,1908,1307,696,2580,1083,1967,705,650,1132,1665,1867,3085,4475,4747,4696,5129,5301,5516,2641,2079
1887,2553,1876,2702,1483,1062,1198,2848,2762,3543,2361,1647,1228,2668,965,1849,415,978,1425,2005,2207,3425,4815,5201,5149,5469,4953,4689,2523,1961
3050,2703,2605,3341,3317,4584,4526,2884,2065,1478,2224,3014,3901,2180,4489,3789,4350,4353,4109,3633,3024,1604,1465,1391,1355,1536,1642,1879,3818,4295
2770,2424,2418,3062,3062,4417,4470,2605,1785,1350,1969,2827,3714,1901,4209,3732,4162,4165,3921,3446,2836,1657,1714,1576,1525,1778,1884,2121,3775,4238
2778,2432,2467,3008,3070,4316,4258,2551,1793,1466,1977,2875,3763,1909,4217,3521,4211,4214,3970,3495,2885,1800,1736,1410,1359,1771,1795,2010,3549,4026
2795,2448,2556,2938,3173,4151,4093,2481,1831,1654,2080,2964,3851,1925,4234,3356,4300,4303,4059,3583,2974,1970,1833,1307,1255,1765,1709,1925,3385,3861
2336,1990,1962,2660,2565,3982,4039,2203,1351,1383,1472,2370,3257,1467,3775,3271,3706,3709,3465,2989,2380,1669,2105,1734,1683,2151,2119,2335,3373,3949
2501,2155,2165,2768,2768,4147,4176,2311,1537,1531,1675,2573,3461,1632,3940,3438,3909,3912,3668,3193,2583,1872,1977,1606,1554,2023,1991,2206,3481,3944
2175,1828,1896,2499,2337,3821,3878,2041,1190,1359,1244,2305,3192,1306,3614,3110,3640,3528,3399,2924,2315,1603,2322,1880,1828,2368,2335,2551,3212,3788
2314,1967,2230,2597,2671,3960,3976,2139,1329,1693,1578,2638,3525,1444,3753,3208,4064,3863,3733,3257,2648,1937,2257,1828,1777,2303,2271,2486,3310,3886
2471,2125,2578,2738,2850,4117,4087,2281,1508,2041,1757,2987,3874,1602,3910,3319,4221,4042,4081,3606,2997,2285,2467,1786,1735,2298,2242,2458,3421,4020
1931,1585,2356,2198,2479,3578,3533,1741,1036,2055,1353,2764,3541,1062,3371,2764,3681,3671,3859,3384,2774,2299,2579,1868,1816,2487,2431,2647,2866,3442
1962,1615,2229,2285,2319,3608,3665,1828,977,1864,1226,2637,3380,1092,3401,2897,3711,3510,3732,3256,2647,2003,2709,2272,2220,2755,2723,2938,2998,3575
1836,1490,1982,2160,2193,3482,3539,1703,851,1700,1100,2390,3278,967,3275,2771,3586,3385,3485,3010,2400,1839,2619,2182,2131,2666,2634,2849,2873,3449
1610,1263,1876,2052,1966,3256,3451,1648,624,2081,873,2285,3028,740,3049,2683,3359,3158,3380,2904,2295,2148,2968,2444,2393,2956,2900,3115,2785,3347
1794,1447,2215,2060,2305,3440,3375,1603,898,2148,1212,2623,3367,924,3233,2606,3543,3497,3718,3243,2633,2287,2841,1998,1946,2660,2585,2750,2708,3284
2786,2439,2658,2910,3275,3988,3930,2396,1890,1862,2182,3066,3953,1916,4225,3192,4402,4405,4161,3685,3076,2129,1901,1075,1024,1626,1570,1785,3303,3698
2508,2162,2368,2632,2985,3893,3835,2175,1643,1831,1892,2776,3664,1639,3947,3097,4112,4115,3871,3396,2786,2075,2104,1374,1323,1933,1876,2092,3126,3603
2130,1784,2555,2303,2678,3631,3573,1846,1234,2147,1552,2963,3740,1261,3569,2804,3880,3870,4058,3583,2973,2391,2475,1620,1569,2282,2207,2372,2906,3482
1200,853,1721,1617,1747,2846,2978,1175,314,2283,708,2095,2809,330,2639,2210,2949,2939,3131,2712,2296,2351,3284,2605,2554,3222,3166,3382,2312,2937
1971,1624,1798,2414,2148,3617,3741,1904,986,1521,1055,2207,3094,1101,3410,2973,3405,3340,3301,2826,2217,1650,2516,2141,2089,2629,2596,2812,3075,3708
1656,1310,1923,2064,2013,3302,3443,1607,671,1858,920,2332,3075,787,3095,2675,3406,3205,3426,2951,2342,1926,2760,2267,2215,2779,2722,2938,2777,3353
1379,1032,1877,1787,1926,3025,3089,1296,393,2191,787,2199,2988,509,2818,2320,3128,3118,3291,2816,2295,2259,3088,2379,2327,2996,2940,3155,2422,3043
2867,2520,2776,2874,3414,3960,3902,2405,1971,2147,2288,3185,4072,1997,4265,3165,4521,4524,4280,3804,3195,2414,2094,1113,1062,1820,1701,1866,3276,3670
1737,1092,2322,1175,2349,2454,2396,718,1153,2940,1371,2696,3411,749,2759,1628,3120,3541,3732,3313,3006,3067,3594,2613,2474,3319,3200,3349,1730,2306
2407,2060,2650,2451,2955,3595,3537,1982,1511,2113,1828,3059,3946,1537,3846,2769,4157,4146,4153,3678,3068,2357,2346,1409,1358,2072,1997,2162,2871,3396
2383,2037,2671,2190,2761,3460,3402,1733,1419,2506,1668,3080,3823,1514,3822,2633,4133,3953,4174,3699,3089,2750,2776,1795,1744,2501,2382,2548,2735,3260
2492,2048,2858,2202,2948,3340,3282,1726,1606,2403,1855,3266,4010,1534,3645,2513,4006,4140,4361,3886,3276,2647,2482,1501,1450,2207,2088,2253,2615,3192
2481,2037,3042,2210,3069,3303,3245,1689,1729,2506,2042,3451,4131,1523,3608,2476,3969,4261,4452,4070,3461,2750,2517,1536,1485,2243,2124,2289,2578,2975
1996,1650,2288,1913,2378,3304,3246,1456,1036,2345,1285,2697,3440,1127,3435,2478,3746,3570,3791,3316,2706,2485,2949,2094,2043,2757,2682,2847,2580,3156
2054,1672,2364,1826,2455,3043,2985,1369,1112,2422,1361,2773,3516,1158,3348,2216,3803,3646,3868,3392,2783,2561,2890,2013,1962,2698,2600,2765,2318,2894
2291,1847,2681,2001,2772,3217,3160,1544,1430,2660,1678,3090,3833,1333,3523,2391,3884,3963,4185,3709,3100,2878,2844,1863,1812,2569,2450,2615,2493,3069
2250,1806,2811,1865,2837,2957,2899,1343,1497,2700,1890,3185,3899,1291,3262,2131,3623,4029,4221,3802,3292,2944,2778,1797,1746,2503,2384,2550,2233,2758
1950,1506,2511,1660,2537,2876,2818,1202,1197,2776,1591,2885,3599,992,3181,2050,3542,3729,3921,3502,3090,2915,3101,2120,2069,2826,2707,2872,2152,2728
1721,1374,2166,1737,2268,3174,3116,1280,928,2254,1163,2574,3330,851,3160,2348,3470,3460,3652,3194,2584,2393,3098,2390,2338,3007,2951,3166,2450,3026
1785,1430,2306,1584,2332,2975,2917,1127,992,2545,1385,2680,3394,916,3215,2149,3534,3524,3716,3297,2885,2684,3132,2278,2226,2940,2865,3030,2251,2827
1684,1240,2217,1394,2243,2831,2773,936,903,2578,1297,2591,3305,726,3024,2005,3444,3435,3627,3208,2796,2705,3331,2476,2425,3139,3064,3229,2107,2683
1959,1515,2520,1626,2547,2718,2660,1104,1206,2925,1600,2894,3608,1001,3023,1892,3384,3738,3930,3511,3099,3064,3128,2147,2011,2853,2734,2886,1994,2570
1897,1333,2465,1417,2492,2555,2497,941,1152,2939,1545,2840,3554,939,2860,1729,3221,3684,3876,3457,3044,3066,3290,2309,2172,3015,2896,3048,1831,2407
1223,779,1774,1334,1801,2767,2680,877,579,2573,972,2148,2862,265,2553,1912,2983,2993,3184,2765,2561,2641,3455,2781,2730,3364,3307,3523,2014,2594
1733,1169,2301,1253,2328,2578,2520,796,988,2775,1381,2675,3390,775,2883,1752,3244,3520,3711,3293,2880,2902,3540,2560,2508,3266,3147,3312,1854,2430
2210,1565,2795,1370,2822,2463,2405,849,1540,3328,1844,3170,3884,1223,2768,1637,3129,3674,4060,3787,3433,3455,3633,2545,2396,3255,3168,3272,1738,2315
2240,1594,2824,1400,2851,2492,2434,878,1569,3357,1873,3199,3913,1252,2797,1666,3158,3703,4089,3816,3462,3484,3520,2432,2283,3142,3055,3159,1768,2344
1529,1085,2046,1405,2072,2843,2785,948,814,2601,1207,2420,3134,608,2860,2017,3274,3264,3456,3037,2707,2728,3446,2565,2514,3271,3152,3317,2118,2695
3171,2727,3275,2468,3759,3232,3174,2180,2396,2650,2692,3684,4571,2213,3537,2437,3898,4443,4778,4303,3694,2914,2158,883,735,1594,1507,1610,2548,2942
2306,1862,2867,1847,2894,2958,2900,1325,1554,2815,1947,3242,3956,1348,3263,2163,3624,4086,4277,3859,3395,3059,2766,1757,1608,2467,2380,2484,2215,2668
3346,2803,3607,2341,3934,3104,3046,2124,2593,2982,2987,4016,4494,2388,3409,2309,3770,4315,4701,4635,4026,3165,2320,1046,897,1600,1456,1559,2420,2814
3325,2721,3633,2258,3913,3022,2964,2042,2573,3096,2966,4042,4411,2367,3327,2226,3688,4233,4619,4661,4051,3340,2552,1278,1129,1877,1733,1836,2337,2732
2856,2198,3417,1735,3443,2499,2441,1519,2103,3359,2496,3791,3889,1897,2804,1704,3165,3710,4096,4408,3996,3603,3200,1926,1778,2562,2417,2515,1815,2209
2956,2512,2913,2666,3423,3598,3540,2190,2033,2257,2329,3321,4208,1998,3903,2803,4265,4660,4416,3940,3331,2525,2068,890,871,1566,1477,1642,2914,3308
2732,2288,2744,2343,3253,3404,3346,1822,1864,2207,2160,3152,4039,1774,3709,2609,4070,4491,4247,3771,3162,2451,2158,1177,1126,1883,1764,1929,2720,3114
2971,2527,3014,2467,3524,3292,3234,1946,2134,2477,2431,3422,4310,2013,3597,2496,3958,4503,4517,4042,3432,2721,2317,1043,895,1754,1667,1770,2607,3002
3057,2613,3364,2422,3644,3186,3128,2008,2304,2827,2698,3773,4660,2099,3491,2390,3852,4397,4867,4392,3783,3071,2637,1363,1215,2074,1987,2090,2501,2896
3082,2639,3390,2182,3670,2945,2887,1965,2330,2853,2723,3799,4335,2124,3250,2150,3611,4156,4542,4418,3808,3097,2498,1224,1076,1919,1775,1879,2261,2655
2706,2262,3191,2187,3294,3158,3100,1666,1954,2654,2347,3599,4356,1748,3463,2363,3824,4369,4694,4219,3609,2898,2605,1401,1252,2111,2024,2128,2474,2868
2639,2195,3200,2084,3227,2998,2940,1562,1887,2841,2280,3574,4289,1681,3303,2202,3664,4209,4610,4191,3796,3085,2792,1525,1377,2341,2197,2300,2313,2708
2818,2375,3380,2060,3406,2824,2766,1685,2066,2972,2459,3754,4213,1860,3129,2028,3490,4035,4421,4371,3927,3216,2813,1539,1391,2150,2006,2110,2139,2534
2484,2040,3045,1872,3071,2822,2764,1350,1731,2890,2124,3419,4133,1525,3127,2026,3488,4033,4455,4036,3624,3134,2841,1704,1556,2415,2328,2431,2137,2532
2289,1708,2850,1551,2877,2643,2585,1029,1537,3179,1930,3225,3939,1331,2948,1817,3309,3854,4261,3842,3429,3423,3130,2042,1894,2753,2666,2769,1919,2495
3083,2396,3900,1933,3749,2697,2639,1717,2703,3364,2716,4096,4086,2290,3002,1901,3363,3908,4294,4642,4319,3608,2693,1364,1190,1860,1716,1819,2012,2407
3010,2359,3571,1896,3598,2660,2602,1680,2258,3161,2651,3946,4050,2052,2965,1865,3326,3871,4257,4563,4116,3405,2808,1533,1385,2088,1943,2047,1976,2370
2329,1683,2903,1525,2930,2618,2560,1004,1589,3377,1962,3277,3991,1341,2923,1791,3284,3829,4215,3894,3482,3504,3261,2173,2025,2884,2797,2900,1893,2469
2775,2087,3414,1625,3441,2388,2330,1408,2247,3433,2408,3788,3778,1982,2694,1593,3055,3600,3986,4334,4043,3677,3080,1806,1629,2186,2041,2120,1704,2099
3219,2532,3858,2069,3885,2833,2775,1853,2692,3506,2853,4233,4223,2426,3138,2037,3499,4044,4430,4779,4599,3573,2711,1492,1317,1738,1594,1642,1954,2543
3266,2579,3905,2116,3932,2880,2822,1900,2739,3831,2900,4280,4270,2473,3185,2085,3546,4091,4477,4826,4535,4075,3111,1867,1693,2137,1993,1926,2196,2590
2966,2278,3605,1816,3632,2579,2521,1599,2438,3781,2599,3979,3969,2173,2884,1784,3245,3790,4176,4525,4234,4025,3428,2153,1976,2536,2391,2406,1895,2289
2601,1914,3240,1451,3267,2215,2157,1235,2074,3824,2235,3615,3605,1808,2520,1419,2881,3426,3812,4161,3870,4068,3471,2196,2019,2575,2431,2509,1530,1925
2811,2124,3450,1661,3477,2425,2367,1444,2284,3994,2444,3824,3814,2018,2730,1629,3091,3636,4022,4370,4079,4238,3640,2366,2189,2745,2601,2679,1740,2135
2720,2075,3325,1860,3352,2624,2566,1396,2012,3318,2354,3700,4013,1733,2929,1828,3290,3835,4221,4317,3904,3562,3269,2052,1904,2748,2603,2707,1939,2334
2613,1926,3252,1463,3279,2227,2169,1247,2086,3497,2247,3627,3617,1820,2532,1431,2893,3438,3824,4173,3882,3741,3143,1869,1692,2248,2104,2182,1542,1937
2590,1902,3229,1439,3255,2203,2145,1223,2164,3470,2223,3603,3593,1797,2508,1408,2869,3414,3800,4149,3858,3714,3321,2046,1869,2419,2275,2353,1519,1913
2723,2035,3362,1572,3388,2336,2278,1356,2195,3795,2356,3736,3726,1930,2641,1541,3002,3547,3933,4282,3991,4039,3441,2167,1990,2549,2405,2419,1652,2046
2909,2221,3548,1759,3575,2522,2464,1542,2381,3611,2542,3922,3912,2116,2827,1727,3188,3733,4119,4468,4177,3854,3200,1983,1806,2227,2083,2016,1838,2232
2763,2076,3402,1613,3429,2377,2319,1397,2236,3720,2397,3777,3767,1970,2682,1582,3043,3588,3974,4323,4032,3964,3454,2179,2002,2558,2414,2492,1693,2087
2898,2211,3537,1748,3564,2512,2454,1532,2371,3707,2532,3912,3902,2105,2817,1716,3178,3723,4109,4458,4166,3951,3354,2080,1903,2462,2318,2332,1827,2222
3542,2854,4181,2392,4208,3155,3097,2175,3014,4380,3175,4555,4545,2749,3460,2360,3821,4367,4752,5101,4810,4624,4027,2753,2576,3025,2881,2814,2285,2865
3225,2538,3865,2075,3891,2839,2781,1859,2698,4126,2859,4239,4229,2432,3144,2044,3505,4050,4436,4785,4494,4370,3773,2499,2322,2881,2737,2751,2155,2549
3435,2748,4074,2285,4101,3048,2991,2068,2907,4442,3068,4448,4438,2642,3354,2253,3715,4260,4646,4994,4703,4686,4089,2814,2637,3197,3052,2962,2153,2759
3555,2867,4194,2405,4221,3168,3110,2188,3027,4386,3188,4568,4558,2762,3474,2373,3835,4380,4766,5114,4823,4202,3874,2737,2557,2900,2756,2689,2159,2879
3439,2752,4078,2289,4105,3053,2995,2072,2912,3700,3072,4452,4442,2646,3358,2257,3719,4264,4650,4485,4836,3766,2905,1768,1588,1931,1787,1720,1858,2763
3262,2575,3901,2112,3928,2875,2818,1895,2735,3971,2895,4275,4265,2469,3181,2080,3542,4087,4473,4821,4530,4215,3211,1967,1793,2238,2094,2027,1870,2586
3374,2687,4013,2224,4040,2988,2930,2008,2847,3802,3008,4387,4377,2581,3293,2192,3654,4199,4585,4429,4642,3474,3007,1870,1691,2034,1890,1823,1711,2698
3373,2685,4012,2223,4038,2986,2928,2006,2845,3869,3006,4386,4376,2580,3291,2191,3652,4197,4583,4654,4641,3936,3074,1937,1758,2101,1957,1890,1980,2696
3232,2544,3871,2082,3897,2845,2787,1865,2704,3977,2865,4245,4235,2439,3150,2050,3511,4056,4442,4791,4500,3679,3321,2184,2004,2347,2203,2136,1637,2555
3395,2708,4035,2245,4061,2829,2771,2029,2868,4141,3029,4409,4219,2602,3134,2003,3495,4040,4426,4775,4664,3717,3156,2472,2292,2635,2491,2129,1428,2719
3757,3070,4396,2607,4423,3129,3072,2391,3230,4503,3391,4770,4519,2964,3435,2303,3796,4341,4727,5075,5025,4157,3595,2833,2654,2997,2853,2568,1728,3081
3693,3006,4332,2543,4359,3153,3095,2327,3166,4525,3327,4707,4542,2900,3458,2511,3819,4364,4750,5098,4961,4180,3618,2856,2676,3019,2875,2591,1751,3017
3619,2932,4258,2469,4285,3232,3175,2252,3091,4626,3252,4632,4622,2826,3538,2437,3899,4444,4830,5178,4887,4376,3814,2998,2821,3184,3040,2788,1948,2943
3601,2914,4241,2451,4267,3215,3157,2235,3074,4609,3235,4615,4605,2808,3520,2420,3881,4426,4812,5161,4870,4342,3780,2981,2804,3181,3037,2753,1914,2925
3236,2548,3875,2085,3901,2849,2791,1869,2708,3956,2869,4249,4239,2443,3154,2054,3515,4060,4446,4795,4504,4200,3482,2328,2100,2509,2364,2298,1899,2559
3170,2482,3809,2020,3836,2783,2725,1803,2642,3957,2803,4183,4173,2377,3088,1988,3449,3994,4380,4729,4438,4201,3604,2330,2153,2643,2498,2432,2099,2493
3036,2349,3675,1886,3702,2650,2592,1670,2509,3782,2670,4049,4039,2243,2955,1854,3316,3861,4247,4595,4304,3687,3197,2060,1880,2223,2079,2012,1644,2360
3138,2450,3777,1988,3804,2751,2693,1771,2610,3883,2771,4151,4141,2345,3056,1956,3417,3962,4348,4697,4406,3708,3379,2242,2063,2406,2262,2195,1665,2461
3239,2552,3878,2089,3905,2853,2795,1873,2712,3984,2873,4252,4242,2446,3158,2057,3519,4064,4450,4798,4507,3629,3067,2375,2195,2538,2394,2040,1586,2563
3387,2700,4026,2237,4053,3001,2943,2021,2860,4175,3020,4400,4390,2594,3306,2205,3667,4212,4598,4946,4655,3993,3665,2528,2348,2691,2547,2480,1951,2711
3401,2714,4040,2251,4067,3015,2957,2035,2874,4147,3035,4414,4405,2608,3320,2219,3681,4226,4612,4961,4669,3847,3285,2506,2326,2669,2525,2258,1804,2725
3644,2957,4284,2494,4310,3258,3200,2278,3117,4390,3278,4658,4648,2852,3563,2463,3924,4469,4855,5204,4913,4004,3442,2721,2541,2884,2740,2415,1907,2968
3430,2743,4069,2280,4096,3044,2986,2064,2903,4176,3064,4444,4434,2637,3349,2248,3710,4255,4641,4990,4699,3790,3228,2506,2327,2670,2526,2201,1709,2754
3607,2920,4246,2457,4273,3055,2997,2241,3080,4352,3240,4620,4445,2814,3360,2229,3721,4266,4652,5001,4875,3966,3405,2683,2503,2847,2702,2378,1654,2931
3601,2914,4241,2451,4267,3215,3157,2235,3074,4347,3235,4615,4605,2808,3520,2420,3881,4426,4812,5161,4870,4172,3843,2706,2527,2870,2726,2659,2166,2925
3080,3613,3026,2958,2529,1469,1061,2989,3812,4694,3398,2798,1947,3547,1819,1890,1659,1448,1980,3065,3357,4422,5429,4759,4582,4774,4630,4284,2564,1973
2348,2880,2396,2189,2020,736,124,2221,3044,4064,2882,2168,1970,2778,927,1121,990,1532,2190,2526,2727,3946,5336,3990,3813,4369,4225,3961,1796,1233
2554,3220,2538,2776,2162,1213,714,2807,3425,4205,3023,2309,1529,3334,1195,1707,844,1030,1562,2668,2869,4088,5010,4358,4252,4355,4211,3865,2382,1820
2680,3346,2664,2699,2288,1210,566,2730,3551,4331,3149,2435,1971,3288,1302,1631,1054,1523,2003,2794,2995,4214,5604,4500,4323,4797,4653,4307,2305,1743
2011,2543,2471,1956,2095,552,597,1933,2756,4138,2859,2243,2045,2490,902,833,1321,1866,2252,2601,2802,4021,5411,3702,3525,4081,3937,3673,1507,858
2209,2694,2262,1999,1885,597,227,2031,2854,3929,2747,2033,1835,2588,784,931,1049,1623,2043,2391,2593,3811,5202,3800,3623,4179,4035,3771,1605,1043
2135,2668,2577,1917,2201,761,703,1948,2771,4245,2984,2349,2151,2506,1066,848,1427,1972,2358,2707,2908,4127,5517,3718,3541,4096,3952,3688,1523,945
2186,2718,2643,1982,2266,827,769,2014,2837,4310,3034,2414,2216,2571,1132,914,1493,2038,2424,2772,2974,4192,5583,3783,3606,4162,4018,3754,1588,995
2528,3060,2707,2405,2330,916,540,2437,3260,4374,3192,2478,2280,2994,1266,1337,1215,1758,2332,2836,3038,4256,5646,4206,4029,4585,4441,4177,2012,1449
2286,2818,2784,2123,2408,968,910,2155,2978,4451,3134,2556,2358,2712,1273,1055,1634,2072,2565,2914,3115,4334,5724,3924,3747,4303,4159,3895,1730,1096
2204,2736,2755,2149,2379,939,881,2126,2949,4422,3052,2527,2329,2683,1244,1026,1605,1886,2418,2885,3086,4305,4886,3895,3718,4274,4130,3859,1701,1013
2771,3303,3322,2716,2946,1506,1448,2693,3516,4989,3619,3094,2291,3250,1811,1593,2093,1791,2323,3409,3653,4872,5127,4462,4285,4591,4447,4100,2268,1580
2034,2552,2032,2016,1655,291,418,2047,2870,3699,2517,1803,1605,2605,439,947,882,1427,1813,2161,2363,3581,4972,3817,3640,4195,4051,3787,1622,1060
1954,2620,1939,2190,1562,614,447,2222,2825,3606,2424,1710,1512,2735,593,1122,670,1244,1719,2068,2270,3488,4878,3991,3814,4370,4226,3962,1797,1234
2268,2934,2252,2374,1876,920,312,2405,3139,3919,2737,2023,1825,2963,890,1305,846,1388,2045,2381,2583,3802,5192,4175,3998,4554,4409,4145,1980,1418
2149,2682,2418,2027,2041,538,480,2058,2881,4085,2903,2189,1991,2616,887,958,1268,1813,2199,2547,2749,3968,5358,3828,3651,4207,4062,3798,1633,1071
2292,2824,2561,2170,2184,681,443,2201,3024,4228,3046,2332,2134,2759,1030,1101,1156,1699,2356,2690,2892,4110,5501,3971,3794,4350,4205,3941,1776,1214
2830,3362,2994,2707,2617,1218,828,2739,3562,4661,3479,2765,2151,3296,1568,1639,1496,1652,2184,3123,3325,4543,5632,4508,4331,4887,4743,4487,2313,1787
2574,3106,2879,2520,2502,998,940,2496,3319,4546,3364,2650,1984,3054,1348,1396,1640,1485,2017,3008,3210,4428,5466,4266,4089,4645,4500,4184,2071,1383
2802,3334,3070,2679,2694,1190,1132,2711,3534,4737,3556,2842,2078,3268,1540,1611,1814,1579,2111,3200,3401,4620,5559,4480,4303,4557,4413,4067,2285,1694
2790,3322,3341,2735,2965,1525,1467,2712,3535,5008,3638,3113,2271,3269,1830,1612,2073,1772,2303,3389,3672,4891,5107,4481,4304,4571,4427,4081,2287,1599
2314,2039,3236,1134,2868,1542,1484,1342,2222,4327,2383,3130,2932,1957,1927,747,2208,2753,3139,3488,3690,4394,4248,2974,2797,3353,3209,3287,1502,707
2128,2447,3164,1722,2681,1289,1404,1962,2843,4923,2976,3049,2851,2641,1538,1269,2128,2673,3059,3407,3609,4828,4869,3595,3418,3974,3830,3908,1944,318
2030,2562,2743,1803,2367,927,869,1835,2658,4411,2818,2515,2317,2392,1232,735,1593,2138,2524,2873,3075,4293,4602,3604,3427,3983,3839,3575,1409,326
2185,2430,2566,1735,2190,750,692,1767,2590,4234,2751,2338,2140,2324,1055,667,1416,1961,2347,2696,2897,4116,4534,3536,3359,3915,3771,3507,1341,779
2715,2911,3070,2191,2694,1254,1196,2248,3071,4738,3232,2842,2644,2805,1559,1148,1920,2393,2851,3200,3401,4620,4984,3992,3815,4371,4227,3957,1823,1283
2414,2139,3335,1233,2967,1642,1584,1483,2322,4427,2483,3229,3031,2056,1947,846,2308,2853,3239,3587,3789,4494,4348,3074,2897,3453,3308,3387,1601,1007
2116,2050,3088,1325,2670,1650,1707,1568,2449,4554,2610,3353,3155,2244,1776,973,2431,2976,3362,3711,3912,4621,4475,3201,3024,3580,3436,3514,1728,680
2120,2191,3156,1466,2674,1281,1360,1707,2587,4692,2748,3005,2807,2385,1530,1112,2084,2629,3015,3363,3565,4784,4613,3339,3162,3718,3574,3652,1867,310
2651,2376,3520,1471,3143,1703,1645,1679,2559,4664,2720,3291,3093,2293,2008,865,2369,2914,3300,3649,3851,4731,4585,3311,3134,3690,3546,3624,1672,1180
2636,2110,3007,1287,2631,1191,1133,1456,2336,4441,2497,2779,2581,2071,1496,504,1857,2402,2788,3137,3338,4557,4362,3088,2911,3467,3323,3401,1286,993
2068,2596,2894,1871,2518,1078,1020,1988,2811,4561,2916,2666,2468,2546,1383,888,1744,2289,2675,3024,3225,4444,4957,3683,3506,4062,3918,3728,1563,365
2418,2457,3063,1731,2686,1246,1189,1856,2736,4730,2897,2834,2636,2470,1552,876,1913,2458,2844,3192,3394,4612,4762,3488,3311,3867,3723,3801,1550,608
2484,2286,2889,1462,2513,1073,1015,1631,2512,4557,2672,2661,2463,2246,1378,623,1739,2284,2670,3019,3221,4439,4538,3263,3086,3642,3498,3576,1367,781
2285,2402,2645,1707,2268,828,770,1739,2562,4312,2722,2416,2218,2296,1133,639,1494,2039,2425,2774,2976,4194,4506,3508,3331,3887,3743,3479,1313,638
2466,2293,2826,1598,2449,1009,951,1630,2453,4493,2614,2597,2399,2187,1314,530,1676,2221,2606,2955,3157,4375,4397,3399,3222,3778,3634,3370,1205,819
2688,2142,3326,1507,2949,1510,1452,1487,2443,4547,2603,3097,2899,2177,1815,514,2176,2721,3107,3455,3657,4615,4482,3208,3031,3587,3443,3521,1414,1281
2474,2562,2856,1867,2480,1040,982,1899,2722,4523,2883,2627,2430,2456,1345,799,1706,2251,2637,2986,3187,4406,4666,3668,3491,4047,3903,3639,1473,921
2410,2655,2792,1979,2415,975,918,1992,2815,4459,2976,2563,2365,2550,1281,892,1642,2187,2573,2921,3123,4341,4759,3780,3603,4159,4015,3732,1567,1059
2590,2482,2972,1757,2595,1155,1097,1819,2642,4639,2803,2743,2545,2377,1460,719,1822,2367,2752,3101,3303,4521,4833,3558,3381,3937,3793,3559,1394,1008
2626,2098,3208,1274,2831,1392,1334,1443,2324,4428,2484,2979,2781,2058,1697,544,2058,2603,2989,3337,3539,4496,4350,3075,2898,3454,3310,3388,1351,1265
2671,2143,3206,1319,2829,1389,1332,1488,2369,4473,2529,2977,2779,2103,1695,394,2056,2601,2987,3335,3537,4541,4395,3120,2943,3499,3355,3433,1182,1310
2750,2221,3056,1398,2680,1240,1182,1511,2333,4438,2494,2828,2630,2068,1545,330,1906,2451,2837,3186,3387,4506,4473,3199,3022,3578,3434,3251,1085,1096
2927,2252,3286,1651,2910,1470,1412,1589,2412,4516,2572,3058,2860,2146,1775,583,2136,2681,3067,3416,3617,4584,4356,3340,3163,3719,3575,3329,1163,1326
2347,2262,2706,1438,2330,890,832,1607,2531,4373,2692,2477,2279,2265,1195,528,1556,2101,2487,2836,3037,4256,4514,3239,3062,3618,3474,3552,1283,745
2889,2672,3249,1849,2872,1432,1374,1962,2785,4889,2945,3020,2822,2519,1737,781,2098,2643,3029,3378,3580,4798,4924,3650,3473,4029,3885,3663,1619,1288
2925,2238,3534,1960,3158,1718,1660,1575,2397,4502,2558,3306,3108,2132,2023,892,2384,2929,3315,3664,3865,4570,4100,3326,3149,3563,3419,3073,907,1574
3105,2558,3464,1828,3087,1647,1590,1895,2718,4823,2879,3235,3037,2452,1953,760,2314,2859,3245,3593,3795,4890,4365,3629,3452,3828,3684,3338,1294,1503
2827,2528,3186,1833,2809,1370,1312,1865,2688,4853,2849,2957,2759,2422,1675,765,2036,2581,2967,3315,3517,4735,4220,3634,3457,3684,3540,3194,1439,1225
3159,2860,3519,2210,3142,1702,1644,2197,3020,5186,3181,3290,3092,2755,2007,1142,2368,2913,3299,3648,3850,5068,4463,4011,3834,3926,3782,3436,1446,1558
2786,2099,3215,1640,2838,1398,1341,1436,2259,4363,2419,2986,2788,1993,1704,572,2065,2610,2996,3344,3546,4431,4203,3187,3010,3566,3422,3176,1010,1254
2772,2085,3201,1626,2824,1384,1327,1422,2245,4349,2405,2972,2774,1979,1690,558,2051,2596,2982,3330,3532,4417,4189,3173,2996,3552,3408,3162,996,1240
2903,2215,3375,1801,2999,1559,1501,1552,2375,4480,2536,3147,2949,2110,1864,733,2225,2770,3156,3505,3707,4548,4077,3304,3127,3540,3396,3050,884,1415
2833,2146,3262,1601,2886,1446,1388,1483,2306,4411,2467,3034,2836,2040,1751,533,2112,2657,3043,3392,3593,4478,4250,3235,3058,3614,3470,3223,1057,1302
3152,2465,3494,1858,3117,1677,1619,1802,2625,4730,2786,3265,3067,2359,1982,790,2343,2888,3274,3623,3825,4797,4464,3554,3377,3933,3789,3437,1341,1533
2569,2089,2929,1265,2552,1112,1054,1434,2315,4419,2475,2700,2502,2049,1417,395,1778,2323,2709,3058,3260,4478,4341,3066,2889,3445,3301,3379,1264,1007
2599,2351,2959,1527,2582,1142,1084,1640,2463,4626,2624,2730,2532,2197,1447,459,1808,2354,2739,3088,3290,4508,4603,3328,3151,3707,3563,3380,1214,998
2591,2310,2950,1487,2574,1134,1076,1656,2536,4617,2697,2721,2524,2271,1439,617,1800,2345,2731,3080,3281,4500,4562,3288,3111,3667,3523,3601,1486,990
2752,2362,3111,1538,2735,1295,1237,1651,2474,4578,2635,2882,2684,2208,1600,470,1961,2506,2892,3240,3442,4646,4614,3339,3162,3718,3574,3391,1225,1150
2668,2472,3027,1648,2651,1211,1153,1761,2584,4694,2745,2799,2601,2318,1516,580,1877,2422,2808,3157,3358,4577,4724,3449,3272,3828,3684,3501,1335,1067
3209,2545,3568,1933,3192,1752,1694,1882,2705,4809,2865,3340,3142,2439,2057,864,2418,2963,3349,3698,3899,4877,4333,3633,3456,3796,3652,3306,1067,1608
2656,2499,3015,1779,2639,1199,1141,1836,2659,4682,2820,2786,2588,2394,1504,736,1865,2410,2796,3145,3346,4565,4854,3580,3403,3959,3815,3576,1411,1054
4381,4034,3441,4502,4428,4752,4694,4259,3396,1524,3406,3398,4407,3511,5015,3926,4855,4858,4614,3526,3458,1573,294,1561,1753,1069,1274,1669,3351,4608
4163,3882,3080,4672,4066,4751,4920,4314,3244,1363,3098,3037,4045,3359,4654,4098,4494,4497,4253,3210,3097,1143,686,1934,2125,1598,1803,2197,3523,4780
4281,3935,3683,4145,4548,4908,4851,3941,3296,1817,3455,3843,4852,3412,5214,4113,5300,5303,5059,3851,3903,1889,623,1204,1395,1011,1216,1501,3486,4619
3870,3524,2971,4205,3920,4813,4981,3748,2885,908,2790,3098,4107,3001,4715,4637,4556,4559,4314,3572,3159,975,755,1727,1919,1643,1749,1986,4119,5142
3716,3370,3054,4051,3878,4895,5064,3594,2731,991,2785,3181,4190,2847,4798,4483,4638,4641,4397,3655,3241,1057,790,1573,1765,1489,1595,1832,4040,4988
4261,3980,3178,4560,4164,4849,5018,4290,3341,1421,3196,3134,4143,3457,4752,3992,4592,4595,4350,3402,3195,1241,371,1619,1810,1341,1545,1916,3418,4674
3709,3428,2625,4217,3612,4297,4465,3813,2789,1129,2644,2582,3591,2905,4199,4423,4039,4042,3798,2997,2643,689,1019,2205,2397,1931,2136,2502,3849,5196
3685,3404,2601,4193,3588,4273,4441,3789,2765,1137,2620,2558,3567,2881,4175,4552,4016,4018,3774,2973,2619,665,1140,2332,2524,2051,2256,2548,3977,5172
4358,4011,3269,4585,4256,4940,5109,4233,3373,1345,3227,3226,4234,3488,4843,4134,4683,4686,4442,3543,3286,1320,396,1644,1835,1415,1620,1941,3559,5059
4220,3874,3037,4616,4023,4708,4877,4158,3235,1207,3089,2994,4002,3351,4611,4220,4451,4454,4210,3408,3054,1114,676,1837,2028,1713,1897,2134,3645,4902
4211,3865,3261,4607,4210,4862,5030,4150,3226,1198,3080,3147,4156,3342,4764,4620,4604,4607,4363,3705,3207,1151,549,1710,1902,1586,1771,2008,3793,5125
4106,3760,3317,4441,4265,5026,5123,3984,3121,1254,3136,3311,4320,3237,4928,4385,4768,4771,4527,3777,3371,1315,363,1476,1667,1352,1536,1773,3744,4891
3905,3559,2955,4301,3904,4613,4781,3844,2920,892,2774,2898,3907,3036,4515,4739,4355,4358,4114,3436,2959,902,691,1829,2021,1706,1890,2127,3925,5244
3998,3652,2930,4394,3917,4602,4770,3937,3013,985,2867,2887,3896,3129,4504,4421,4345,4348,4103,3425,2948,892,926,2033,2225,1909,2050,2287,3846,5103
3908,3561,3095,4243,4044,4908,5077,3786,2922,1032,2914,3194,4203,3038,4811,4456,4651,4654,4410,3696,3254,1098,520,1546,1737,1422,1606,1843,3917,4961
4184,3838,3535,4220,4346,4984,4926,4016,3199,1513,3253,3581,4590,3315,5198,4188,5039,5042,4797,3710,3642,1586,320,1279,1470,1076,1281,1576,3398,4694
3962,3615,3313,4175,4124,4938,4880,3840,2977,1385,3030,3481,4490,3092,5098,4143,4938,4941,4697,3959,3541,1444,476,1234,1425,1110,1294,1531,3647,4648
3988,3641,3340,4279,4151,5042,4984,3822,3002,1461,3057,3651,4636,3118,5244,4246,5084,5087,4843,4368,3711,1527,867,1337,1528,1213,1397,1634,3966,4752
3483,3683,2399,4365,3386,3734,3902,3983,3045,1389,2645,2019,3028,3160,3636,4521,3477,3480,3235,2138,1712,1023,2041,3200,3391,2837,3042,3436,4225,4633
3303,3491,2219,4185,3206,3554,3723,3803,2910,1376,2465,1840,2848,3148,3457,4341,3297,3300,3056,2186,1532,1122,2457,3466,3658,3319,3488,3725,4694,4453
3361,3549,2277,4243,3264,3612,3781,3861,2898,1242,2523,1898,2906,3013,3515,4399,3355,3358,3114,2526,1590,987,2323,3332,3523,3185,3354,3591,4560,4511
3075,3263,1991,3957,2978,3326,3494,3575,2682,2148,2237,1611,2620,2985,3228,4112,3068,3071,2827,1983,1303,1894,2884,4043,4441,3475,3680,4075,4711,4224
2767,2955,1683,3649,2670,3018,3186,3267,2374,1828,1929,1303,2312,2677,2920,3804,2760,2763,2519,2140,1091,1574,2910,3918,4133,3771,3940,4177,4404,3917
2988,3176,1904,3870,2891,3355,3523,3488,2595,1521,2150,1640,2649,2899,3257,4141,3097,3100,2856,2477,1584,1267,2626,3528,3720,3488,3550,3787,4625,4254
2504,2692,1420,3386,2365,2649,2818,3004,2111,1677,1666,935,1943,2415,2552,3436,2392,2395,2151,1771,995,1560,2950,3922,3870,3737,3843,4080,4141,3548
2443,2643,1382,3326,2232,2516,2685,2954,2061,1615,1616,802,1810,2365,2419,3303,2259,2262,2018,1639,862,1497,2888,3859,3808,3674,3780,4017,3977,3415
3039,3227,1955,3921,2942,3401,3570,3539,2646,967,2201,1687,2696,2392,3304,4188,3144,3147,2903,2524,1747,1376,2821,3638,3364,3553,3659,3896,4675,4300
2587,2775,1503,3469,2490,3040,3208,3087,2190,1248,1749,1325,2334,2406,2942,3826,2782,2785,2541,2162,1385,1130,2520,3492,3441,3307,3413,3650,4224,3938
3372,3560,2288,4254,3275,3623,3791,3872,2979,1854,2534,1908,2917,3282,3525,4409,3365,3368,3124,1997,1600,1489,2507,3666,3857,3302,3507,3902,4539,4522
3273,3461,2189,4155,3176,3524,3693,3773,2880,1601,2435,1810,2818,3184,3427,4311,3267,3270,3026,1928,1502,1346,2469,3691,3882,3264,3469,3864,4562,4423
3019,3207,1935,3901,2922,3270,3439,3519,2626,1851,2181,1556,2564,2930,3173,4057,3013,3016,2772,1839,1248,1597,2716,3942,4133,3393,3598,3993,4656,4169
2909,3097,1825,3791,2812,3160,3328,3409,2516,2082,2071,1445,2454,2819,3062,3946,2902,2905,2661,1721,1085,1871,2936,4094,4275,3526,3731,4126,4546,4059
3060,3248,1976,3942,2963,3311,3480,3560,2667,1607,2222,1597,2605,2971,3214,4098,3054,3057,2813,2168,1289,1353,2688,3697,3889,3550,3719,3956,4697,4210
2742,2930,1658,3624,2645,2993,3162,3242,2349,1861,1904,1279,2287,2653,2896,3780,2736,2739,2495,2090,971,1607,2943,3952,4108,3587,3974,4211,4379,3892
2715,2904,1632,3598,2618,3018,3186,3216,2323,1648,1878,1303,2312,2626,2920,3804,2760,2763,2519,2140,1364,1530,2842,3892,3841,3704,3813,4050,4352,3916
2726,2695,1643,3438,2629,3226,3394,2981,1957,1188,1827,1511,2520,2172,3128,4012,2968,2971,2727,2348,1572,1046,2436,3319,3268,3223,3329,3566,4117,4125
3624,3374,2541,4256,3527,4243,4411,3799,2735,588,2589,2528,3537,2851,4145,4867,3985,3988,3744,3005,2589,408,1342,2120,2312,2036,2142,2379,4317,5142
3562,3215,2903,3897,3724,4853,5022,3440,2577,948,2630,3139,4147,2692,4756,4419,4596,4599,4355,3612,3199,1015,995,1467,1658,1382,1488,1725,4057,4925
3168,2905,2084,3695,3071,3926,4094,3291,2267,386,2121,2211,3220,2382,3828,4325,3668,3671,3427,3048,2272,582,1885,2673,2864,2589,2695,2932,4427,4728
3002,2655,2055,3444,3000,4089,4257,3040,2016,384,1871,2374,3383,2132,3991,4075,3832,3834,3590,3070,2276,871,1740,2375,2590,2290,2397,2634,4177,4657
3667,3386,2583,4175,3570,4255,4423,3771,2747,876,2601,2540,3549,2863,4157,4806,3997,4000,3756,3078,2601,544,1144,2187,2379,2131,2209,2446,4043,5154
3418,3137,2334,3926,3321,4006,4174,3522,2498,740,2353,2291,3300,2614,3908,4557,3749,3752,3507,2829,2352,391,1385,2392,2584,2308,2414,2651,4148,4905
3340,3078,2256,3867,3243,3913,4082,3463,2439,443,2293,2199,3207,2555,3816,4498,3656,3659,3415,3035,2259,336,1623,2528,2719,2443,2549,2786,4212,4812
3450,3184,2366,3964,3353,4208,4377,3507,2546,355,2400,2494,3502,2661,4111,4576,3951,3954,3710,3083,2554,485,1534,2327,2518,2243,2349,2586,4677,5010
3790,3444,2840,4186,3789,4501,4669,3729,2805,777,2659,2786,3795,2921,4403,4797,4243,4246,4002,3324,2847,757,998,1900,2091,1815,1922,2159,4155,5388
3715,3369,2765,4111,3714,4607,4775,3653,2730,702,2584,2892,3901,2846,4509,4742,4349,4352,4108,3366,2952,768,936,1759,1951,1675,1781,2018,4176,5248
3619,3272,2545,4014,3532,4387,4556,3557,2634,482,2488,2673,3681,2749,4290,4625,4130,4133,3889,3139,2733,541,1202,1981,2172,1896,2002,2239,4359,5189
3536,3189,2546,3860,3491,4580,4749,3402,2551,693,2362,2865,3874,2666,4482,4471,4323,4326,4081,3561,2767,812,1201,1940,2131,1855,1962,2199,4573,5149
3268,2922,2620,3603,3430,4621,4790,3146,2283,1036,2337,3028,3916,2399,4524,4172,4364,4367,4123,3648,3038,1218,1230,1651,1850,1566,1672,1910,4201,4677
3561,3215,2929,3853,3739,4931,4916,3396,2576,1282,2646,3337,4225,2692,4833,4179,4673,4676,4432,3957,3347,1320,1181,1454,1636,1369,1475,1712,4044,4684
3073,2727,2442,3409,3235,4444,4612,2951,2088,1129,2142,2851,3738,2204,4346,4079,4186,4189,3945,3470,2860,1311,1367,1807,1850,1722,1829,2066,4122,4584
3312,2965,2689,3604,3482,4691,4789,3146,2327,1328,2389,3098,3985,2442,4593,4051,4434,4437,4192,3717,3108,1454,1315,1587,1729,1502,1608,1845,4080,4557
3207,2923,2124,3712,3110,3965,4134,3308,2284,165,2138,2251,3259,2400,3868,4343,3708,3711,3467,3088,2311,515,1635,2375,2566,2290,2396,2633,4444,4768
3213,2867,2267,3582,3212,4301,4469,3125,2228,439,2082,2586,3595,2344,4203,4193,4043,4046,3802,3282,2487,786,1469,2115,2307,2031,2137,2374,4295,4871
3305,2959,2626,3629,3549,4628,4797,3172,2320,808,2374,2999,3922,2436,4531,4339,4371,4374,4130,3654,2900,990,1225,1665,1856,1580,1687,1924,4342,4845
3226,2879,2363,3550,3285,4364,4533,3092,2241,711,2155,2740,3658,2356,4267,4161,4107,4110,3866,3390,2750,930,1464,1930,2121,1846,1952,2189,4263,4839
2938,2684,1855,3473,2841,3390,3559,3069,2045,735,1899,1676,2684,2161,3293,4104,3133,3136,2892,2512,1736,593,1983,2855,3132,2770,2876,3113,4205,4289
2454,2423,1370,3166,2357,3295,3464,2708,1684,1068,1555,1581,2589,1900,3198,3743,3038,3041,2797,2385,1591,1091,2481,3047,2996,3089,3195,3432,3845,4014
2559,2212,1635,3002,2557,3637,3805,2598,1574,790,1428,2044,2931,1690,3539,3633,3379,3382,3138,2663,2054,1121,1962,2292,2241,2444,2550,2787,3734,4215
2871,2524,1782,3314,2769,3624,3792,2910,1886,472,1740,1909,2918,2001,3526,3944,3366,3369,3125,2746,1970,618,2020,2690,2859,2606,2712,2949,4046,4426
2741,2651,1657,3440,2644,3344,3513,2995,1971,806,1842,1630,2638,2128,3247,4030,3087,3090,2846,2467,1690,829,2219,3093,3099,3009,3115,3352,4132,4243
2759,2412,1705,3202,2691,3558,3727,2798,1774,677,1628,1844,2853,1889,3461,3832,3301,3304,3060,2681,1904,650,2040,2813,2861,2728,2835,3072,3934,4349
2986,2639,2219,3309,3142,4221,4389,2852,2001,909,2054,2628,3515,2116,4123,3921,3964,3966,3722,3247,2638,1236,1588,1950,1899,1944,2050,2287,4022,4562
2932,2586,2085,3256,3007,4086,4255,2799,1947,713,1878,2493,3381,2063,3989,3867,3829,3832,3588,3113,2503,1183,1769,2143,2092,2125,2231,2468,3969,4545
2686,2340,1740,3129,2685,3773,3942,2725,1701,545,1555,2059,3068,1817,3676,3760,3516,3519,3275,2755,1960,802,1845,2480,2651,2395,2501,2739,3862,4342
2757,2410,1833,3200,2755,3835,4003,2772,1772,695,1626,2222,3129,1887,3737,3841,3577,3580,3336,2861,2232,1165,1811,2356,2305,2342,2448,2685,3942,4413
2595,2249,1870,2919,2793,3872,4041,2462,1610,988,1664,2279,3166,1726,3775,3530,3615,3618,3374,2898,2289,1357,2068,2133,2081,2334,2441,2678,3632,4208
2894,2547,2262,3218,3056,4264,4433,2760,1909,1137,1962,2671,3558,2024,4167,3829,4007,4010,3766,3290,2681,1423,1479,1848,1797,1835,1941,2178,3931,4461
2634,2288,2082,2958,2796,4083,4252,2501,1649,1103,1703,2490,3378,1765,4073,3569,3826,3829,3585,3110,2500,1543,1765,1808,1756,2010,2116,2353,3671,4247
2379,2033,1821,2703,2514,3823,3991,2246,1394,1152,1421,2230,3117,1510,3725,3314,3566,3568,3324,2849,2240,1474,2158,1943,1891,2303,2350,2565,3416,3992
2510,2163,1586,2953,2508,3588,3756,2549,1525,884,1379,1960,2882,1640,3490,3583,3330,3333,3089,2614,1970,952,2207,2634,2583,2757,2864,3101,3685,4166
2332,1985,1652,2775,2345,3654,3822,2340,1347,1219,1252,2061,2948,1462,3556,3405,3397,3400,3155,2680,2071,1286,2341,2121,2070,2535,2577,2792,3507,4069
2146,1799,1476,2589,2168,3477,3646,2185,1161,1255,1075,1884,2771,1276,3380,3219,3220,3223,2979,2503,1894,1323,2554,2383,2332,2872,2839,3055,3321,3883
2121,1775,1430,2564,2143,3431,3600,2160,1136,1324,1050,1838,2725,1252,3334,3195,3174,3177,2933,2457,1848,1392,2623,2596,2545,3034,3052,3267,3297,3858
1677,1331,1471,2120,1815,3323,3519,1716,692,1610,722,1880,2767,808,3116,2751,3072,3007,2974,2499,1889,1677,2858,2481,2429,2969,2936,3152,2853,3415
2049,1703,1508,2492,2132,3509,3678,2088,1064,1366,1039,1916,2804,1180,3412,3123,3252,3255,3011,2536,1926,1434,2510,2133,2082,2622,2589,2805,3225,3786
2158,2317,1075,3041,2061,3000,3168,2603,1579,1135,1410,1285,2294,1794,2902,3638,2742,2745,2501,2090,1295,1158,2548,3051,3000,3156,3263,3500,3739,3719
2129,2271,1098,3011,2032,3058,3226,2565,1541,1285,1245,1343,2352,1757,2960,3600,2800,2803,2559,2113,1353,1308,2698,3095,3043,3297,3403,3640,3702,3689
2313,2132,1294,2878,2216,3295,3464,2421,1397,1124,1267,1702,2590,1609,3198,3455,3038,3041,2797,2322,1712,1192,2423,2632,2581,2834,2940,3177,3557,3873
2145,1967,1126,2709,2048,3127,3296,2252,1228,1239,1099,1534,2421,1444,3030,3287,2870,2873,2629,2153,1544,1262,2553,2762,2711,2964,3070,3307,3389,3705
1967,2120,948,2849,1870,2896,3064,2406,1382,1409,1083,1181,2190,1597,2798,3440,2639,2642,2397,1962,1191,1432,2820,3028,2977,3230,3336,3573,3542,3527
1865,2214,781,2747,1768,2557,2726,2526,1633,1906,1188,826,1852,1936,2460,3344,2300,2303,2059,1584,1106,1929,3319,3662,3611,3864,3970,4207,3662,3425
1763,2080,679,2645,1666,2723,2892,2392,1499,1606,1054,1114,1992,1803,2626,3427,2466,2469,2199,1749,1047,1630,3020,3523,3471,3628,3734,3971,3529,3323
1622,1992,603,2504,1525,2604,2773,2304,1411,1625,966,1013,1898,1714,2507,3339,2347,2350,2106,1631,1066,1648,3038,3428,3376,3629,3736,3973,3440,3182
1697,2171,581,2579,1600,2354,2522,2602,1786,1918,1341,680,1648,2089,2256,3141,2097,2100,1855,1380,1279,1941,3331,3815,3764,3940,4046,4283,3816,3257
1641,2114,395,2523,1544,2213,2381,2546,1780,2047,1379,622,1507,2083,2115,3000,1956,1958,1714,1239,1314,2070,3460,3920,3869,4068,4174,4411,3674,3112
1540,2013,345,2422,1443,2389,2558,2444,1632,2003,1231,798,1658,1935,2292,3176,2132,2135,1865,1415,1490,2026,3416,3701,3650,4056,4162,4399,3662,3100
1624,2098,291,2507,1527,2500,2668,2529,1763,2433,1362,909,1735,2067,2402,3287,2243,2246,1942,1526,1601,2456,3846,4005,3954,4360,4466,4703,3776,3185
2185,2149,1166,2892,2088,3114,3282,2435,1411,1205,1214,1399,2408,1626,3016,3469,2856,2859,2615,2180,1409,1228,2618,2948,2897,3150,3256,3493,3571,3745
2067,2288,983,2949,1970,2899,3068,2598,1574,1402,1262,1185,2194,1789,2802,3632,2642,2645,2401,1966,1195,1425,2815,3289,3238,3491,3597,3834,3734,3627
1913,2156,893,2795,1816,2839,3008,2465,1441,1526,1130,1125,2133,1657,2742,3500,2582,2585,2341,1905,1134,1549,2939,3259,3208,3461,3567,3804,3602,3473
1524,1997,524,2406,1427,2506,2675,2429,1616,1763,1180,959,1801,1920,2409,3293,2249,2252,2008,1533,1203,1786,3176,3694,3643,3784,3890,4127,3646,3084
1949,1603,996,2346,1828,2998,3166,1889,865,1519,735,1404,2292,1080,2900,2923,2740,2743,2499,2024,1414,1586,2818,2829,2778,3228,3334,3572,3025,3488
1563,1922,543,2445,1466,2545,2714,2234,1340,1886,895,954,1839,1644,2448,3268,2288,2291,2047,1571,1357,1909,3319,3375,3324,3730,3836,4073,3370,3123
1565,1947,546,2447,1468,2547,2716,2259,1366,2080,965,956,1764,1669,2450,3294,2290,2293,1971,1573,1520,2103,3493,3578,3527,3933,4039,4276,3396,3125
1596,2019,358,2428,1005,2230,2399,2440,1547,2338,1145,1002,1392,1850,2133,3017,1973,1976,1599,1619,1693,2361,3822,3878,3826,4233,4339,4576,3577,3054
1832,1776,813,2519,1735,2815,2983,2062,1038,1537,845,1221,2109,1254,2717,3097,2557,2560,2316,1841,1231,1605,2836,2892,2841,3247,3353,3590,3199,3392
1883,1657,1010,2399,1783,3011,3180,1942,921,1588,710,1418,2306,1133,2914,2977,2754,2757,2513,2038,1428,1656,2887,2712,2660,3200,3167,3383,3078,3443
1796,1450,1208,2192,1615,3129,3298,1735,711,1640,522,1616,2503,927,2969,2770,2872,2806,2711,2235,1626,1708,2939,2668,2616,3156,3124,3339,2872,3275
1679,1468,986,2219,1579,2987,3156,1780,887,1908,442,1386,2282,1191,2890,2815,2730,2733,2489,2014,1396,1976,3207,2965,2913,3453,3420,3636,2917,3239
1763,1829,744,2580,1666,2745,2914,2141,1248,1867,803,1154,2039,1602,2648,3176,2488,2491,2247,1771,1223,1890,3185,3241,3189,3595,3702,3939,3278,3323
1438,1840,644,2321,1212,2675,2844,2152,1259,2201,858,1103,1836,1563,2567,3187,2418,2404,2044,1720,1673,2224,3634,3578,3527,4045,4034,4250,3289,2999
1165,1638,689,2047,1068,2634,2751,2069,1304,2449,902,1064,1949,1607,2427,3090,2325,2259,2156,1681,1755,2472,3862,3742,3691,4352,4295,4511,3317,2725
1380,1853,565,2262,1144,2571,2740,2285,1414,2302,1012,1136,1733,1717,2474,3305,2314,2336,1940,1753,1773,2325,3735,3733,3682,4146,4252,4489,3444,2940
1503,1976,315,2385,1123,2349,2518,2407,1563,2263,1162,959,1511,1867,2252,3136,2092,2095,1718,1576,1650,2286,3676,3788,3736,4143,4249,4486,3593,3063
1692,1834,672,2574,1595,2674,2843,2146,1253,1735,808,1081,1968,1516,2577,3181,2417,2420,2176,1700,1091,1758,3099,3155,3104,3510,3616,3853,3283,3252
1902,1712,883,2463,1805,2884,3053,2024,1056,1743,686,1283,2179,1346,2787,3059,2627,2630,2386,1911,1293,1811,3042,2917,2866,3453,3373,3589,3161,3462
1794,1712,935,2462,1641,2937,3105,2024,1131,2008,686,1346,2231,1434,2839,3058,2679,2682,2438,1963,1469,2075,3307,3131,3080,3619,3587,3802,3160,3354
1593,1391,1101,2142,1493,3008,3177,1703,655,1905,400,1501,2397,1070,2848,2738,2751,2685,2604,2129,1511,1972,3203,2937,2886,3425,3393,3608,2840,3154
1496,1742,705,2378,1344,2706,2875,2054,1161,2103,716,1116,1988,1464,2609,3089,2449,2452,2195,1733,1460,2126,3422,3301,3250,3833,3757,3972,3190,3057
1274,873,1427,1624,1569,2897,2988,1185,251,2335,366,1801,2630,574,2690,2220,2826,2760,2893,2418,1978,2402,3516,2894,2843,3504,3448,3663,2322,2988
1238,1609,634,2120,1125,2599,2767,1921,1028,2368,626,1008,1893,1331,2479,2956,2341,2317,2100,1625,1700,2391,3712,3466,3415,4123,4020,4235,3058,2798
1549,1339,1024,2089,1449,2964,3132,1651,758,2034,313,1434,2319,1061,2803,2685,2707,2641,2527,2051,1508,2101,3333,3090,3039,3578,3546,3761,2787,3110
1156,1528,782,2039,1067,2626,2750,1840,947,2599,545,1156,2041,1250,2418,2875,2324,2259,2249,1773,1848,2622,3943,3385,3334,3995,3939,4154,2976,2717
1733,1387,1459,2130,1602,3116,3285,1673,628,1892,508,1867,2663,864,2956,2707,2859,2793,2962,2487,1877,1959,3191,2788,2736,3401,3341,3556,2809,3262
1428,1081,1761,1825,1791,3074,3171,1368,282,2193,698,2046,2853,558,2867,2402,3178,2983,3138,2663,2179,2261,3267,2645,2593,3254,3198,3414,2504,3165
1167,1188,1097,1899,1155,2636,2838,1500,771,2429,268,1471,2216,1025,2429,2535,2412,2347,2538,2088,1903,2496,3728,3206,3155,3816,3759,3975,2637,2727
1295,1799,713,2208,787,2238,2406,2230,1346,2544,944,1159,1546,1649,2141,3025,1980,1978,1753,1776,1850,2567,3957,3784,3733,4393,4337,4553,3375,2753
905,1378,646,1787,805,2319,2488,1809,831,2405,429,1020,1866,1134,2159,2830,2062,1997,2112,1637,1712,2428,3715,3269,3218,3879,3822,4038,2860,2465
758,1361,875,1770,561,2075,2244,1792,1140,2634,739,1249,1622,1437,1915,2813,1818,1752,1944,1866,1941,2657,4047,3579,3527,4188,4132,4348,3040,2216
1030,1679,993,2088,438,1953,2121,2110,1264,2752,862,1367,1500,1567,1792,2739,1695,1630,1821,1984,2059,2776,4166,3702,3651,4311,4255,4471,3293,2488
803,1276,892,1685,919,2272,2602,1707,1006,2652,584,1267,1981,1353,2065,2728,2176,2111,2302,1884,1958,2675,3891,3444,3393,4054,3998,4213,2937,2363
1500,1961,632,2370,909,2293,2462,2393,1508,2613,1107,1276,1455,1812,2196,3080,2036,1974,1662,1893,1968,2636,4096,3947,3895,4507,4500,4715,3538,2958
1233,1706,591,2115,1052,2556,2724,2137,1274,2350,872,965,1816,1577,2407,3158,2298,2244,2023,1582,1657,2373,3793,3712,3661,4203,4127,4342,3304,2793
1588,1317,1440,2011,1488,3003,3171,1553,461,1980,395,1743,2550,810,2842,2588,2745,2680,2835,2360,1850,2048,3279,2779,2728,3389,3332,3548,2690,3148
1531,1184,1527,1927,1621,3177,3273,1470,446,1960,528,1936,2683,661,2970,2505,2879,2813,2968,2493,1946,2028,3198,2576,2525,3186,3130,3345,2607,3268
1148,1621,607,2030,876,2391,2559,2052,1168,2366,767,981,1682,1471,2230,3073,2133,2068,1889,1598,1673,2389,3779,3606,3555,4216,4160,4375,3198,2708
1056,1621,758,2029,767,2282,2451,2052,1167,2517,766,1132,1829,1471,2122,3073,2025,1959,2063,1749,1824,2540,3930,3606,3555,4215,4159,4375,3197,2514
1153,1771,866,2179,661,2176,2344,2202,1317,2604,916,1219,1702,1621,2015,2962,1918,1853,1909,1836,1911,2628,4018,3756,3705,4365,4309,4525,3347,2612
1090,1555,869,1964,801,2316,2484,1986,1116,2628,714,1243,1863,1419,2155,3007,2058,1993,2204,1860,1935,2652,4000,3554,3503,4164,4108,4323,3145,2548
920,1690,1116,2016,271,1786,1955,2121,1404,2893,1003,1508,1333,1766,1625,2573,1529,1463,1655,2003,2205,2916,4306,3843,3791,4452,4396,4612,3247,2379
1022,1810,2045,2015,984,1328,1659,2129,2030,3712,1836,1816,1618,1867,1027,2177,1250,1439,1825,2174,2376,3594,4984,4577,4526,5187,5131,5346,2851,2019
1142,1849,980,2258,493,1901,2069,2280,1434,2923,1032,1538,1417,1737,1803,2687,1643,1578,1731,2118,2229,2946,4336,3872,3821,4482,4426,4641,3362,2600
622,769,1143,1304,1169,2268,2688,1200,923,2902,933,1517,2231,845,2061,2347,2371,2361,2553,2134,2208,2925,4093,3471,3419,4080,4024,4240,2447,2359
737,492,1383,1083,1410,2326,2643,923,803,2908,813,1757,2471,568,2098,2126,2497,2602,2793,2374,2449,2976,3973,3333,3282,3916,3860,4075,2294,2396
103,994,1247,1199,937,1801,2222,1312,1195,3006,1059,1621,1998,1051,1594,2242,1943,2133,2320,2238,2312,3029,4365,3743,3692,4353,4296,4512,2700,1892
582,1419,1316,1678,799,1949,2370,1792,1534,3075,1200,1690,1861,1496,1742,2722,2053,1991,2182,2307,2382,3098,4488,4040,3989,4650,4593,4809,3098,2040
388,1204,1458,1409,1093,1660,2080,1522,1439,3218,1246,1832,2080,1261,1453,2299,1852,2042,2428,2450,2524,3241,4609,3987,3936,4597,4541,4756,2910,1751
579,737,1329,1215,1356,2147,2567,1168,1028,3089,1068,1704,2418,813,1940,2258,2339,2548,2739,2321,2395,3112,4253,3578,3527,4161,4105,4320,2514,2238
1345,2115,1068,2441,649,1633,1802,2546,1842,3065,1441,1491,1171,2191,1536,2420,1376,1311,1520,1850,2051,3088,4478,4280,4229,4890,4834,5049,3094,2532
1123,1892,1284,2219,395,1596,1765,2324,1698,3171,1296,1451,1139,1969,1339,2383,1355,1269,1460,1809,2011,3194,4585,4136,4085,4746,4689,4905,3057,2356
782,1673,1568,1878,571,1619,1976,1992,1770,3327,1452,1933,1621,1756,1344,2494,1567,1751,1943,2292,2493,3350,4740,4318,4266,4927,4871,5086,3168,2042
1031,1931,1580,2136,511,1578,1747,2250,1867,3341,1466,1626,1314,2005,1304,2365,1314,1444,1635,1984,2186,3364,4754,4305,4254,4915,4859,5074,3039,2255
692,1424,1763,1629,1001,1479,1942,1743,1744,3522,1550,2137,1987,1481,1272,2430,1619,1809,2195,2543,2745,3545,4914,4246,4194,4828,4772,4988,3131,1755
1206,1992,1101,2302,509,1690,1859,2423,1576,3065,1175,1550,1237,1880,1593,2477,1433,1367,1559,1908,2109,3088,4478,4015,3964,4624,4568,4784,3151,2586
824,1683,1365,1920,382,1833,2155,2034,1646,3124,1249,1739,1580,1760,1558,2708,1722,1710,1902,2251,2431,3148,4538,4089,4038,4699,4643,4858,3362,2256
678,1569,1468,1774,636,1776,2177,1888,1666,3227,1352,1842,1735,1652,1544,2694,1767,1865,2057,2406,2534,3250,4641,4214,4162,4823,4767,4983,3254,2047
616,1259,1090,1668,831,2031,2452,1690,1222,2849,860,1464,1893,1336,1824,2711,2135,2023,2214,2081,2156,2872,4262,3770,3718,4379,4323,4539,2938,2123
2091,1404,2731,1253,2757,2031,1973,741,1564,3669,1725,3105,3421,1298,2336,1205,2697,3242,3628,3722,3360,3736,4582,2874,2697,3253,3109,3187,1307,1896
2116,1428,2755,1233,2781,1842,1784,765,1588,3693,1749,3129,3231,1323,2147,1015,2508,3053,3439,3746,3384,3760,3959,2685,2508,3064,2920,2998,1117,1706
1687,994,2332,785,2359,1984,1926,247,1165,3270,1326,2706,3420,900,2289,1158,2650,3195,3581,3323,2961,3338,4183,3202,3151,3909,3790,3134,1260,1840
1538,870,2177,889,2204,2210,2153,377,1011,3115,1172,2551,3266,745,2516,1384,2877,3354,3587,3169,2806,3183,4028,3048,2996,3754,3635,3800,1486,2066
2105,1418,2744,1266,2771,1789,1731,755,1577,3682,1738,3118,3179,1312,2094,963,2455,3000,3386,3735,3373,3750,4595,2626,2449,3005,2861,2939,1065,1645
1652,1108,2403,425,2429,2119,2061,444,1598,3735,1759,2777,3491,1332,2308,1323,2785,3366,3752,3394,3468,3770,4543,3562,3511,3519,3375,3453,1662,1829
1799,1177,2549,548,2576,1900,1842,522,1614,3719,1775,2923,3289,1349,2205,1104,2566,3111,3497,3540,3410,3787,4612,2903,2726,3282,3138,3216,1526,1610
1526,1080,2277,175,2303,1878,1820,561,1631,3754,1837,2651,3272,1274,2011,1083,2544,3093,3479,3268,3343,3821,4679,3050,2873,3429,3284,3362,1776,1588
1787,1094,2501,693,2527,1993,1935,299,1326,3430,1486,2875,3383,1060,2299,1198,2660,3205,3591,3492,3121,3498,4343,3362,2645,3231,3087,3165,1280,1704
2051,1358,2764,742,2791,1798,1740,635,1649,3753,1809,3138,3188,1383,2103,1003,2464,3009,3395,3755,3444,3821,4666,2748,2571,3127,2982,3061,1305,1508
2283,1576,2880,931,2906,1695,1637,791,1713,3818,1874,3254,3085,1447,2000,900,2361,2906,3292,3641,3509,3885,3884,2610,2433,2989,2845,2923,1197,1405
2278,1585,2992,874,3018,1637,1579,812,1829,3933,1990,3366,3027,1563,1942,842,2304,2849,3234,3583,3625,4001,3861,2587,2410,2966,2822,2900,1231,1347
1847,1298,2597,495,2624,1740,1682,730,1810,3915,1971,2972,3130,1545,2045,945,2406,2951,3337,3589,3663,3983,4098,2824,2647,3203,3059,3137,1533,1450
1968,1480,2718,616,2745,1644,1586,913,2037,4142,2198,3092,3034,1716,1949,849,2310,2855,3241,3709,3784,4209,4002,2727,2550,3106,2962,3040,1371,1354
1510,817,2223,493,2250,2143,2085,25,1208,3327,1369,2598,3312,943,2376,1317,2810,3301,3634,3215,3004,3381,4134,3154,3102,3860,3741,3906,1419,1916
1404,835,2155,527,2182,2382,2305,394,1387,3590,1548,2529,3243,1073,2244,1567,2928,3117,3503,3146,3221,3559,4398,3417,3366,4123,4004,4169,1788,2120
1470,901,2220,342,2247,2258,2178,526,1452,3557,1613,2594,3309,1138,2144,1441,2993,3182,3568,3211,3286,3624,4540,3559,3508,4265,4146,4311,1920,1935
633,505,1384,859,1410,2069,2386,890,1006,3075,1016,1758,2472,596,1855,1902,2303,2492,2794,2375,2450,3143,4035,3361,3309,3943,3887,4103,2276,2155
512,1062,1507,1267,1382,1872,2292,1381,1455,3266,1318,1881,2436,1169,1665,2224,2068,2258,2643,2498,2572,3289,4608,3934,3882,4516,4460,4676,2769,1963
786,895,1718,1100,1587,1714,2030,1214,1468,3477,1478,2092,2419,1058,1543,1831,2051,2241,2627,2709,2784,3500,4497,3823,3772,4405,4349,4565,2602,1800
601,1199,1644,1404,1154,1428,1848,1518,1592,3403,1455,2018,1992,1306,1221,2200,1624,1813,2199,2548,2709,3426,4745,4071,4019,4653,4597,4813,2906,1519
1024,1174,1924,1047,1682,1341,1657,1334,1747,3683,1757,2298,2410,1337,1170,1694,1847,2232,2617,2915,2990,3706,4776,4102,4051,4685,4629,4065,2396,1406
912,1240,1838,1360,1556,1658,2082,1506,1813,3597,1650,2212,2267,1403,1451,2007,1899,2088,2474,2823,2904,3620,4842,4168,4116,4750,4694,4910,2710,1753
928,1458,1964,1606,1197,961,1461,1752,1913,3723,1776,2106,1908,1621,754,1990,1393,1729,2115,2464,2666,3746,5060,4386,4334,4968,4912,5128,2664,1463
838,385,1588,681,1615,2092,2408,770,937,3059,1142,1962,2677,579,1921,1724,2443,2632,2998,2580,2654,3126,4018,3344,3293,3927,3871,4086,2156,2096
909,837,1660,1042,1687,1851,2167,1156,1410,3419,1420,2034,2719,1000,1680,1829,2351,2540,2926,2651,2726,3442,4439,3765,3714,4348,4291,4507,2544,1849
966,981,1804,864,1823,1532,1849,1002,1554,3563,1564,2178,2534,1144,1361,1511,2166,2355,2741,2795,2870,3586,4583,3909,3858,4492,4435,3882,2213,1531
529,775,1430,980,1458,1808,2161,1094,1276,3189,1285,1804,2372,865,1601,1962,2004,2194,2580,2421,2496,3212,4304,3630,3579,4213,4157,4372,2482,1899
637,1371,1708,1576,1062,1391,1859,1690,1689,3467,1495,2082,1945,1428,1184,2205,1577,1766,2152,2501,2702,3490,4859,4193,4142,4846,4790,5005,2885,1530
766,1498,1865,1703,910,1198,1661,1817,1846,3624,1652,1904,1706,1555,991,2178,1338,1528,1913,2262,2464,3647,5016,4320,4269,4903,4846,5062,2853,1651
837,1369,1873,1522,1390,1290,1613,1663,1822,3632,1685,2247,2118,1532,1002,1965,1653,1940,2325,2674,2876,3656,4971,4297,4246,4880,4823,5039,2640,1284
939,1606,2038,1754,1084,962,1462,1900,2019,3797,1825,1918,1720,1720,755,1991,1286,1541,1927,2276,2478,3696,5189,4485,4433,5067,5011,5227,2665,1545
1067,1139,1962,853,1779,1380,1696,1136,1712,3721,1722,2336,2490,1302,1209,1500,2012,2311,2697,2953,3028,3744,4741,4067,4016,4650,3793,3871,2202,1378
1346,900,2096,346,2123,2014,2259,692,1451,3573,1656,2470,3028,1094,1885,1390,2660,2850,3235,3087,3162,3641,4552,3571,3520,4277,4158,4323,2080,1762
1190,1514,2227,1241,1744,1100,1417,1543,2133,3986,2038,2601,2472,1723,929,1769,1732,2293,2679,3028,3229,4009,5162,4422,4370,4254,4110,4188,2519,1287
1160,896,1996,513,1961,1690,2012,863,1448,3570,1653,2371,2761,1090,1519,1465,2322,2582,2968,2988,3062,3638,4530,3742,3691,4449,4330,4495,2251,1608
1596,1150,2346,425,2310,1817,1827,801,1701,3823,1907,2721,3021,1344,1784,1090,2587,2842,3228,3338,3412,3891,4802,3821,2971,3527,3383,3461,1792,1495
2106,1660,2857,754,2883,1593,1535,1149,1995,4099,2155,3231,2983,1729,1898,798,2259,2804,3190,3539,3741,4167,4021,2746,2569,3125,2981,3059,1390,1232
1379,1301,2258,576,2091,1493,1738,952,1852,3975,2018,2632,2801,1495,1483,1217,2286,2623,3008,3249,3324,4042,4953,3276,3099,3655,3511,3589,1920,1256
1473,1450,2431,926,2027,1257,1502,1302,2001,4190,2191,2805,2754,1644,1279,1470,2091,2576,2962,3310,3496,4213,5083,3514,3337,3893,3749,3827,2158,1101
1771,1750,2788,1025,2324,1409,1653,1401,2302,4424,2507,3162,3052,1944,1431,1151,2294,2874,3259,3608,3810,4491,4562,3287,3110,3666,3522,3600,1932,966
1812,1715,2753,990,2365,1449,1694,1366,2266,4389,2472,3127,3093,1909,1472,1194,2334,2914,3300,3649,3819,4456,4526,3252,3075,3631,3487,3565,1896,1007
1245,1648,2282,1172,1799,905,1267,1548,2230,4041,2093,2656,2527,1842,987,1619,1789,2348,2734,3083,3284,4064,5281,3755,3578,4134,3990,4068,2293,938
1485,1598,2521,994,2038,1204,1449,1370,2149,4280,2317,2895,2766,1792,1227,1342,2103,2587,2973,3322,3524,4303,5231,3479,3302,3858,3713,3792,2123,1049
2256,1882,3078,976,2968,1621,1563,1370,2257,4362,2418,3209,3011,1991,1926,826,2287,2832,3218,3567,3769,4429,4283,3009,2832,3388,3244,3322,1581,1260
1158,706,1909,621,1935,1845,2161,734,1257,3379,1462,2283,2748,900,1674,1664,2380,2569,2955,2900,2974,3447,4339,3613,3562,4247,4191,4406,2122,1907
1844,1398,2595,492,2621,1626,1568,900,1949,4072,2155,2969,3016,1592,1948,831,2293,2838,3223,3586,3660,4139,4164,2889,2712,3268,3124,3202,1534,1336
1573,1392,2430,667,2285,1658,1903,1043,1943,4066,2149,2804,2995,1586,1661,1178,2463,2817,3202,3421,3496,4133,5044,3236,3059,3615,3471,3549,1880,1216
2069,1875,2926,970,2781,1852,1681,1364,2250,4355,2411,3300,3129,1985,1874,944,2405,2950,3336,3685,3992,4422,4276,3002,2825,3381,3237,3315,1646,1232
1227,1204,2122,930,1907,1244,1646,1232,1755,3881,1882,2496,2635,1398,1221,1577,2024,2457,2843,3113,3188,3904,4837,4111,4060,4014,3870,3948,2279,1246
1252,1442,2289,1103,1806,1081,1443,1471,1994,4048,2121,2663,2534,1636,1067,1560,1870,2355,2741,3090,3291,4071,5076,3667,3490,4046,3901,3980,2311,1100
1475,1714,2511,1110,2028,1112,1357,1486,2265,4270,2323,2885,2756,1908,1135,1324,1997,2577,2963,3312,3513,4293,4735,3461,3284,3840,3696,3774,2105,957
1083,1872,1743,1976,909,1152,1388,2122,2091,3410,1890,1514,1316,1929,851,1906,948,1138,1524,1872,2074,3293,4683,4639,4588,5249,5192,5408,2580,1794
1329,1847,2365,1573,1751,808,1125,1876,2314,4125,2177,2481,2283,2024,664,1665,1527,2105,2491,2839,3041,4148,5463,4128,3951,4507,4363,4441,2339,1068
1474,2141,1837,2289,1081,886,1122,2435,2482,3504,2062,1608,1410,2255,585,1640,760,1232,1617,1966,2168,3386,4776,4902,4850,5511,4744,4480,2314,1686
1800,2377,1912,2160,1535,338,671,2289,2897,3579,2397,1683,1485,2540,240,1189,789,1307,1693,2041,2243,3461,4851,4058,3881,4437,4293,4029,1863,1301
1208,1852,2091,1927,1283,863,1363,2146,2259,3758,2065,1862,1665,2015,656,1892,1118,1486,1872,2221,2422,3641,5031,4780,4728,5362,5306,5522,2566,1502
1152,1682,2188,1635,1362,812,1312,1937,2136,3947,2000,2136,1938,1845,605,1841,1265,1759,2145,2494,2696,3970,5284,4609,4558,5192,5136,4503,2516,1280
1349,2016,2009,2108,1207,740,1185,2310,2447,3677,2188,1781,1583,2130,439,1703,900,1404,1790,2139,2340,3559,4949,4895,4844,5478,5422,4543,2377,1437
1380,1910,2274,1892,1507,624,1123,2194,2365,3941,2228,2045,1847,2073,417,1652,1098,1669,2055,2404,2605,3824,5214,4838,4787,5421,4641,4492,2327,1262
1592,2259,2063,2148,1432,529,871,2450,2689,3730,2413,1835,1637,2373,228,1389,932,1458,1844,2193,2394,3613,5003,4258,4081,4637,4493,4229,2063,1371
1627,2145,2276,1872,1844,347,824,2174,2612,3943,2476,2048,1850,2323,316,1403,1154,1671,2057,2406,2607,3826,5216,4276,4099,4655,4511,4243,2078,1082
1934,2452,2195,2053,1819,80,642,2282,2919,3862,2681,1966,1769,2629,339,1182,1073,1590,1976,2325,2526,3745,5135,4051,3874,4430,4286,4022,1856,1052
1338,1870,2374,1441,1840,568,930,1817,2323,4133,2186,2445,2247,2033,651,1470,1514,2069,2455,2803,3005,4156,5472,3868,3691,4247,4103,4181,2145,820
1342,1874,2378,1333,1895,786,1148,1709,2327,4137,2190,2663,2465,2037,869,1515,1732,2286,2672,3021,3223,4160,5476,3759,3582,4138,3994,4072,2189,834
1431,1963,2467,1377,1984,723,968,1753,2416,4226,2279,2677,2479,2126,972,1249,1756,2301,2687,3035,3237,4249,5565,3803,3626,4182,4038,4116,1923,567
1622,2154,2598,1731,1951,437,799,2107,2606,4265,2470,2369,2172,2317,686,1339,1476,1993,2379,2728,2929,4148,5538,4158,3981,4537,4393,4179,2013,784
1830,2362,2866,1776,2383,957,1025,2152,2815,4625,2678,2671,2473,2525,1206,1170,1749,2294,2680,3029,3230,4449,5839,4039,3862,4418,4274,4010,1845,639
1934,2466,2505,1954,2129,317,567,2207,2919,4172,2782,2276,2079,2629,667,1107,1355,1900,2286,2635,2836,4055,5445,3976,3799,4355,4211,3947,1781,953
1631,2163,2667,1577,2184,555,800,1953,2616,4427,2479,2509,2311,2326,804,1257,1588,2133,2519,2867,3069,4288,5765,4003,3826,4382,4238,4316,1931,576
2136,2668,2762,2082,2385,677,927,2201,3121,4429,2984,2533,2335,2831,1027,1101,1612,2157,2543,2891,3093,4312,5702,3970,3793,4349,4205,3941,1775,895
2278,1591,2918,1358,2944,1787,1729,928,1751,3856,1912,3292,3177,1485,2092,961,2453,2998,3384,3733,3547,3923,3999,2725,2548,3103,2959,3037,1039,1643
2291,1604,2930,1279,2957,1769,1711,941,1764,3869,1925,3305,3158,1498,2074,942,2435,2980,3366,3714,3560,3936,3916,2641,2464,3020,2876,2954,1044,1624
2438,1751,3077,1477,2901,1461,1403,1088,1911,4015,2072,3049,2851,1645,1766,635,2127,2672,3058,3407,3608,4083,4114,2840,2663,3219,3074,2935,770,1317
2341,1654,2981,1380,2870,1430,1372,991,1814,3919,1975,3018,2820,1549,1736,604,2097,2642,3028,3376,3578,3986,4017,2743,2566,3122,2978,2872,706,1286
2365,1672,3078,1061,3105,1779,1721,1017,1986,4091,2147,3452,3168,1720,2084,983,2445,2990,3376,3725,3782,4158,4012,2738,2561,3117,2973,3051,1382,1485
2165,1478,2804,1204,2831,1793,1735,815,1638,3742,1799,3178,3183,1372,2098,967,2459,3004,3390,3739,3433,3810,3841,2566,2389,2945,2801,2879,1069,1649
2272,1584,2911,1311,2938,1601,1543,921,1744,3849,1905,3189,2991,1479,1906,775,2267,2812,3198,3547,3540,3917,3947,2673,2496,3052,2908,2986,877,1457
2418,1730,3057,1457,3166,1726,1668,1067,1890,3995,2051,3314,3116,1625,2031,900,2392,2938,3323,3672,3686,4062,4093,2819,2642,3198,3054,3132,1002,1582
2461,1773,3100,1256,3127,1937,1879,1110,1933,4038,2094,3474,3327,1668,2242,1029,2603,3148,3534,3883,3729,4105,4085,2811,2634,3190,3046,3124,1213,1622
2532,1845,3171,1399,3281,1841,1783,1182,2005,4110,2166,3429,3231,1739,2146,943,2507,3052,3438,3787,3801,4177,4149,2875,2698,3254,3110,3188,1117,1765
2615,1922,3329,1312,3080,1640,1582,1268,2181,4285,2342,3228,3030,1915,1945,645,2306,2851,3237,3586,3788,4353,4262,2988,2811,3367,3223,3301,1356,1497
2556,1869,3196,1640,2995,1555,1497,1206,2029,4134,2190,3143,2945,1763,1860,729,2221,2766,3152,3501,3702,4201,4277,3003,2826,3382,3237,3125,959,1411
2504,1817,3214,1543,2838,1398,1340,1154,1977,4082,2138,2985,2787,1711,1703,571,2064,2609,2995,3344,3545,4149,4180,2906,2729,3285,3141,3035,869,1254
2795,2169,3434,1559,3259,1819,1761,1445,2268,4372,2429,3407,3209,2002,2125,824,2486,3031,3416,3765,3967,4440,4412,3138,2961,3517,3372,3450,1380,1744
2856,2168,3495,1705,3306,1866,1809,1505,2328,4433,2489,3454,3256,2063,2172,934,2533,3078,3464,3812,4014,4500,4576,3302,3125,3681,3537,3615,1316,1722
2811,2124,3445,1704,3068,1628,1570,1461,2283,4388,2444,3216,3018,2018,1933,779,2294,2840,3225,3574,3776,4456,4486,3212,3035,3591,3447,3249,1084,1484
2538,1851,3106,1531,2729,1289,1231,1188,2011,4115,2172,2877,2679,1745,1594,463,1955,2500,2886,3235,3437,4183,3955,2940,2763,3319,3174,2928,762,1145
2886,2248,3340,1454,2964,1524,1466,1593,2552,4657,2713,3112,2914,2286,1829,529,2190,2735,3121,3470,3671,4724,4529,3255,3078,3634,3490,3568,1428,1482
2950,2256,3295,1563,2919,1479,1421,1602,2339,4444,2500,3067,2869,2073,1784,638,2145,2690,3076,3425,3626,4511,4283,3323,3146,3702,3557,3256,1090,1335
2639,1952,3068,1493,2691,1252,1194,1289,2112,4216,2272,2839,2641,1846,1557,425,1918,2463,2849,3197,3399,4284,4056,3040,2863,3419,3275,3029,863,1107
2587,1899,3226,1626,2980,1540,1482,1236,2059,4164,2220,3128,2930,1794,1845,714,2206,2751,3137,3486,3688,4231,3891,2988,2811,3367,3223,2865,699,1396
2761,2073,3400,1799,3282,1843,1785,1410,2233,4338,2394,3430,3232,1968,2148,1016,2509,3054,3440,3788,3990,4405,3882,3162,2985,3345,3201,2855,644,1698
2771,2083,3410,1810,3293,1853,1795,1420,2243,4348,2404,3440,3243,1978,2158,1027,2519,3064,3450,3799,4000,4416,3398,2865,2758,2862,2717,2371,342,1709
3033,2346,3672,2072,3555,2115,2057,1682,2505,4610,2666,3703,3505,2240,2420,1289,2781,3326,3712,4061,4262,4678,3881,3348,3241,3345,3200,2854,258,1971
2613,1926,3221,1646,2844,1404,1346,1263,2086,4190,2246,2992,2794,1820,1709,578,2070,2616,3001,3350,3552,4258,3975,3014,2837,3393,3249,2948,783,1260
2723,2036,3363,1762,3125,1685,1627,1373,2196,4301,2357,3273,3075,1930,1990,859,2351,2896,3282,3631,3833,4368,3897,3125,2948,3361,3217,2871,705,1541
2590,1902,3229,1629,3135,1695,1637,1239,2062,4167,2223,3282,3085,1797,2000,869,2361,2906,3292,3641,3842,4235,3764,2991,2814,3227,3083,2737,571,1551
2792,2105,3431,1831,3314,1874,1816,1442,2265,4369,2426,3462,3264,1999,2179,1048,2540,3085,3471,3820,4022,4437,3661,3127,3017,3124,2980,2634,341,1730
2595,1908,3234,1634,3117,1677,1619,1245,2068,4172,2229,3265,3067,1802,1982,851,2343,2888,3274,3623,3825,4240,3771,2997,2820,3234,3090,2744,587,1533
2806,2119,3445,1845,3313,1873,1815,1456,2278,4383,2439,3461,3263,2013,2178,1047,2539,3084,3470,3819,4021,4451,3981,3207,3030,3444,3300,2954,788,1729
2932,2245,3572,1971,3454,2015,1957,1582,2405,4510,2566,3602,3404,2140,2320,1188,2681,3226,3612,3960,4162,4577,3865,3334,3157,3328,3184,2838,401,1870
2943,2256,3582,1982,3398,1958,1900,1593,2415,4520,2576,3546,3348,2150,2263,1132,2624,3169,3555,3904,4105,4588,4044,3344,3167,3507,3363,3017,758,1814
3103,2415,3742,2142,3625,2185,2127,1752,2575,4680,2736,3772,3575,2310,2490,1334,2851,3396,3782,4131,4332,4748,4225,3504,3327,3689,3545,3198,602,2041
3120,2433,3723,2088,3347,1907,1849,1770,2593,4698,2754,3495,3297,2328,2212,1020,2573,3118,3504,3853,4054,4765,4222,3522,3345,3685,3541,3195,771,1763
3196,2508,3835,2234,3772,2332,2274,1845,2668,4773,2829,3920,3722,2403,2637,1432,2998,3543,3929,4278,4480,4840,4122,3588,3481,3585,3441,3095,499,2188
3288,2741,3647,2011,3270,1831,1773,2078,2901,5006,3062,3418,3220,2636,2136,943,2497,3042,3428,3776,3978,5073,4157,3624,3517,3621,3477,3130,1078,1686
2876,2188,3515,1915,3398,1958,1900,1525,2348,4453,2509,3545,3347,2083,2263,1131,2624,3169,3555,3904,4105,4520,3977,3277,3100,3440,3296,2950,630,1814
936,379,1649,1189,1676,2538,2693,890,737,2706,894,2024,2738,227,2297,1924,2697,2868,3060,2641,2529,2774,3666,2992,2940,3574,3518,3734,2026,2604
811,405,1524,1067,1551,2379,2721,852,699,2803,860,1898,2613,439,2172,2110,2571,2743,2934,2515,2494,2871,3868,3204,3152,3786,3730,3946,2185,2470
792,257,1506,923,1532,2332,2649,684,766,2859,936,1880,2594,379,2153,1966,2553,2724,2916,2497,2572,2926,3818,3144,3093,3727,3671,3886,2070,2338
868,274,1619,825,1645,2234,2551,658,825,2947,986,1993,2707,468,2021,1868,2468,2658,3044,2610,2685,3015,3907,3233,3181,3815,3759,3975,2044,2240
1167,277,1880,741,1907,2470,2383,472,829,2933,989,2255,2969,515,2299,1615,2815,3004,3291,2872,2624,3001,3954,3180,3129,3862,3806,4022,1717,2277
1389,707,2028,870,2055,2320,2262,412,862,2966,1023,2403,3117,596,2486,1494,3002,3191,3438,3020,2658,3034,3883,3053,3001,3759,3640,3805,1596,2176
1310,633,2060,530,2087,2287,2365,388,1184,3289,1345,2435,3149,871,2149,1628,2833,3023,3408,3052,3126,3357,4278,3297,3246,4003,3884,4050,1774,2065
1169,683,1809,1364,1835,2714,2931,1080,642,2747,803,2183,2897,423,2500,2163,2930,3027,3219,2800,2438,2814,3812,3188,3136,3770,3714,3930,2264,2779
1140,654,1779,1335,1806,2685,2902,1051,613,2718,774,2154,2868,394,2471,2133,2901,2998,3190,2771,2409,2785,3783,3158,3107,3741,3685,3900,2235,2750
1006,276,1719,950,1746,2454,2832,748,827,2932,988,2094,2808,513,2283,1993,2705,2938,3130,2711,2623,2999,3952,3278,3227,3861,3805,4020,2134,2365
923,109,1636,998,1663,2407,2630,758,660,2765,821,2010,2725,346,2193,1862,2641,2855,3046,2627,2456,2832,3785,3111,3060,3694,3638,3853,1964,2413
925,231,1638,868,1665,2366,2682,626,783,2887,944,2012,2726,469,2152,1911,2600,2789,3048,2629,2578,2955,3908,3234,3183,3816,3760,3976,2012,2283
957,264,1670,862,1697,2360,2676,620,815,2920,976,2045,2759,502,2146,1905,2594,2783,3081,2662,2611,2987,3941,3266,3215,3849,3793,4008,2006,2277
879,236,1629,836,1656,2245,2561,620,787,2959,948,2004,2718,479,2031,1879,2479,2668,3054,2621,2583,3026,3918,3244,3193,3826,3770,3986,2006,2251
1168,682,1807,1363,1834,2713,2681,878,641,2745,802,2182,2896,375,2499,1913,2929,3026,3218,2799,2437,2813,3662,2832,2780,3538,3419,3584,2015,2595
1515,822,2228,905,2255,2309,2251,448,1071,3175,1231,2602,3317,805,2536,1483,3117,3306,3638,3219,2866,3243,4124,3143,3092,3850,3731,3896,1585,2165
1479,786,2193,870,2219,2274,2216,413,1035,3140,1196,2567,3281,769,2500,1448,3081,3271,3603,3184,2831,3207,4089,3108,3057,3814,3695,3860,1549,2130
1047,186,1760,845,1787,2349,2538,495,737,2841,898,2135,2849,423,2178,1800,2700,2890,3170,2752,2533,2909,3862,3188,3137,3771,3714,3930,1881,2260
1092,398,1805,892,1832,2396,2558,516,950,3054,1111,2179,2893,636,2226,1821,2772,2961,3215,2796,2746,3122,4075,3365,3313,3984,3952,4117,1902,2307
1217,524,1931,846,1957,2474,2488,445,1076,3180,1236,2305,3019,762,2303,1750,2819,3009,3341,2922,2871,3248,4201,3294,3243,4000,3881,4046,1831,2256
1192,498,1905,736,1932,2448,2377,335,1050,3154,1211,2279,2993,736,2278,1640,2793,2983,3315,2896,2846,3222,4175,3268,3217,3974,3855,4021,1721,2146
1151,457,1864,897,1891,2407,2539,496,1009,3113,1170,2238,2952,695,2237,1801,2752,2942,3274,2855,2804,3181,4134,3345,3294,4051,3932,4097,1883,2318
1132,439,1845,751,1872,2255,2633,629,990,3095,1151,2220,2934,677,2084,1794,2734,2923,3256,2837,2786,3163,4116,3441,3390,4024,3968,4183,2015,2166
1247,554,1961,640,1987,2320,2262,240,989,3094,1150,2335,3049,724,2271,1545,2849,3038,3371,2952,2785,3161,4011,3030,2979,3737,3618,3783,1595,2050
1592,251,2305,985,2332,2547,2489,584,1161,3265,1322,2679,3393,895,2615,1721,3193,3383,3715,3296,2957,3333,4182,3293,3242,3999,3880,4045,1822,2395
