0,1,2,3,4,5,6,7,8,9,10,11,12,13,14,15,16,17,18,19,20,21,22,23,24,25,26,27,28,29,30,31,32,33,34,35,36,37,38,39
4100,3475,3733,3750,3404,3437,3431,2771,3958,4056,3710,3579,3505,3472,3825,3616,3494,3488,3135,3264,3859,3685,3562,3738,3746,3636,3509,3880,3307,3323,3806,3581,3891,4114,3976,3844,3263,3280,3370,3033
4428,3779,4028,4052,3704,3736,3729,3068,4279,4372,4007,3872,3804,3801,4119,3914,3799,3816,3437,3566,4122,3996,3860,4032,4041,3943,3810,4188,3606,3649,4069,3884,4217,4376,4269,4162,3565,3608,3674,3342
2750,1907,2179,2174,1828,1854,1854,1143,2211,2135,2146,2014,1970,1966,2302,2043,1890,2334,1532,1686,2211,2508,1988,2180,2175,2241,1941,2502,1728,2126,2162,2004,2223,2393,2451,3224,1685,2155,3707,1916
4087,3333,3593,3605,3261,3301,3288,2628,3992,3554,3577,3442,3362,3510,3684,3474,3352,3526,3001,3129,3919,3657,3420,3596,3603,3628,3366,3907,3164,3360,3866,3440,3923,4198,3856,3882,3128,3318,3336,3005
3847,3137,3400,3416,3066,3101,3093,2432,3473,3358,3389,3247,3168,3429,3512,3280,3163,3458,2808,2937,3395,3419,3225,3405,3404,3370,3173,3605,2968,3280,3343,3243,3478,3607,3604,3803,2936,3250,4171,2766
2470,1635,1901,1890,1551,1694,1581,1011,2053,1988,1994,1738,1692,1808,2036,1769,1728,2177,1376,1530,1913,2233,1716,1948,1901,1978,1671,2262,1483,1973,1901,1760,2069,2241,2211,3255,1536,2015,3868,1668
3855,3141,3401,3421,3070,3103,3097,2436,3823,3365,3397,3251,3170,3338,3512,3283,3172,3355,2810,2940,3741,3420,3228,3407,3401,3370,3174,3605,2972,3191,3688,3248,3761,4019,3602,3714,2939,3148,3536,2771
3379,2603,2869,2880,2532,2575,2559,1891,2953,2842,2873,2715,2647,2772,2990,2744,2639,2793,2275,2413,2863,2956,2689,2872,2877,2919,2640,3193,2434,2625,2811,2710,2957,3072,3141,3426,2412,2584,3662,2302
2785,2139,2618,2412,2065,2525,2094,1841,2448,2477,2554,2254,2115,2504,2461,2278,2591,2988,1996,1946,2406,2455,2223,2413,2413,2394,2177,2661,1966,2774,2356,2242,2563,2613,2610,3604,1945,2835,3059,1803
4665,4026,4275,4296,3959,3994,3984,3327,4549,4239,4254,4125,4062,4078,4393,4169,4056,4094,3667,3819,4336,4224,4115,4280,4290,4310,4061,4560,3857,3928,4283,4133,4500,4622,4509,4468,3818,3886,3786,3573
1365,776,615,908,465,1591,496,1514,1070,961,1072,687,946,1127,939,912,1684,1930,1134,985,1061,996,861,751,660,830,532,1080,457,1362,1015,875,1185,1251,857,1803,984,1722,3543,1447
1429,532,601,632,532,1544,563,1561,931,915,980,667,908,989,1131,812,1636,1792,1081,1032,929,1070,759,647,622,683,192,932,494,1223,886,773,1040,1113,946,1663,1031,1584,3603,1511
1088,284,864,518,762,1095,792,1622,610,490,611,847,907,621,793,434,1184,1422,1128,1079,625,672,378,578,937,716,699,634,732,855,578,387,678,743,684,1293,1078,1208,3315,1337
1281,543,599,165,727,1225,766,1797,896,638,696,667,1018,942,1092,456,1331,1747,1242,1193,886,862,585,398,609,583,416,642,708,1179,843,600,877,1414,697,1632,1192,1538,3805,1681
2676,3062,3550,3331,3419,3766,3444,4316,3252,3240,3503,3365,3248,3094,3145,3520,4004,3762,3997,3945,2841,2641,3454,3678,3576,3485,3338,3223,3383,3160,2789,3253,3344,2945,3171,2568,3944,3554,5485,3099
1694,2254,2742,2524,2607,2966,2633,3673,2425,2429,2692,2825,2342,2531,2167,2551,3353,3040,3190,3139,2013,1505,2475,2700,2762,2829,2529,2329,2572,2478,1964,2271,2528,1780,2278,1620,3138,2832,3645,2179
2299,2770,3260,3040,3128,3468,3155,4128,2957,2950,3214,3342,2873,3028,2767,3147,3804,3488,3705,3653,2540,2261,2985,3301,3275,3116,3049,2844,3092,2922,2490,2865,3036,2298,2793,2799,3652,3279,4044,2721
2667,3170,3656,3606,3527,3869,3552,4538,3370,3347,3604,3943,3306,3408,3234,3508,4216,3893,4103,4051,2953,2600,3439,3666,3681,3808,3450,3285,3491,3327,2901,3242,3447,2747,3233,2847,4050,3685,4345,3158
2361,3416,3135,3303,3136,4028,3244,4025,3261,3583,3691,3638,3006,3570,2928,3206,4346,4026,4202,4136,3113,2306,3140,3378,3702,3516,3590,3001,3145,3459,3112,2943,3634,2805,2950,2833,4149,3818,4145,2872
2817,3296,3780,3564,3651,3969,3677,4583,3481,3477,3728,3857,3390,3528,3284,3657,4258,3937,4224,4172,3069,2782,3509,3813,3805,3631,3574,3366,3618,3370,3017,3395,3543,2824,3315,2710,4171,3729,4849,3240
2033,2554,3048,2828,2913,3232,2939,3868,2728,2734,2998,3129,2608,2813,2502,2876,3541,3227,3493,3441,2307,1997,2771,3029,3071,2862,2836,2592,2880,2664,2257,2603,2800,2036,2541,2503,3446,3019,3881,2460
1178,1574,1900,2516,1879,2999,2002,2861,2505,1755,2060,1885,1753,2583,1679,2416,3310,3002,2568,2518,2083,1023,1530,2568,1986,2141,1933,1855,1881,2440,2033,1656,2563,1807,1804,1844,2517,2794,3170,1590
1038,2040,2318,1964,1961,2663,2079,2755,1890,2200,2343,2294,1840,2225,1727,1851,2560,2655,2846,2795,1735,1076,1770,2005,2349,2145,2224,1773,2266,2090,1686,1570,1890,1486,1721,1744,2794,2447,3492,1477
1980,2501,2994,2775,2860,3177,2886,3818,2679,2682,2945,3076,2555,2759,2449,2824,3495,3175,3440,3388,2258,1944,2718,2977,3018,2822,2783,2552,2827,2612,2208,2550,2745,1982,2501,2173,3387,2967,4259,2403
2624,2588,2322,2588,2354,3351,2324,3003,2867,2766,2875,2256,2126,2926,2329,2470,3504,4485,2845,2840,2768,2166,2518,2309,2357,2087,2463,2329,2290,3856,2773,2467,2928,2876,2310,3587,2839,4213,1993,1484
3820,3219,3450,3489,3110,3165,3137,2500,3554,3435,3458,3291,3220,3373,3559,3338,3244,3400,2871,2999,3451,3389,3283,3466,3472,3334,3237,3762,3014,3224,3398,3303,3569,3661,3711,3850,2998,3192,2685,2735
3584,3385,3281,3655,3274,3470,3300,2799,3651,3705,3777,3265,3160,3672,3334,3497,3541,3704,3206,3155,3620,3153,3443,3323,3368,3096,3401,3343,3178,3525,3567,3477,3770,3853,3333,4150,3154,3496,2444,2499
3372,3332,3066,3330,3100,4090,3067,3695,3598,3506,3605,3052,2940,3672,3114,3274,4255,4929,3614,3562,3567,2871,3223,3111,3155,2883,3260,3127,3087,4362,3514,3270,3717,3570,3120,4371,3561,4720,2034,2285
3196,3151,2890,3152,2922,3910,2888,3521,3425,3328,3426,2874,2762,3492,2942,3084,4074,4756,3445,3393,3383,2772,3122,2936,2978,2705,3082,2949,2908,4190,3330,3091,3541,3474,2935,4198,3392,4547,1448,2107
4029,3874,3722,4140,3765,4249,3790,3564,4127,4201,4252,3703,3599,4205,3781,3988,4311,5138,3699,3647,4084,3600,3934,3779,3812,3542,3890,3788,3667,4478,4031,3929,4252,4299,3782,5475,3646,4929,2502,2945
2971,2696,3156,2969,2584,3104,2611,2381,3020,3057,3083,2830,2630,3082,2699,2857,3128,3521,2510,2506,2980,2748,2802,2986,2994,2833,2758,2985,2554,3353,2928,2823,3134,3183,2934,4196,2505,3415,2563,2230
3295,2982,2989,3254,2891,3341,2917,2664,3259,3295,3367,2974,2859,3324,3037,3098,3420,3801,2798,2747,3220,2868,3043,3036,3078,2805,2996,3050,2795,3587,3169,3065,3371,3427,3034,4444,2746,3661,2141,2203
2067,1553,2044,1837,1908,1627,1934,2880,1470,1713,2219,2143,2313,1136,2119,1831,2045,1870,2457,2407,1498,2003,1774,1971,2071,2137,1832,2002,1877,1217,1450,1787,1517,1648,2107,534,2405,1655,4950,2940
2317,1373,1859,1659,1726,1444,1752,2192,1290,1533,2049,1965,2137,955,1939,1652,1867,1696,2290,2240,1645,2242,1595,1789,1880,1962,1652,1818,1696,1037,1597,1607,1336,1927,1928,333,2239,1487,4536,2519
1500,2038,2527,2314,2392,2701,2418,3307,1927,2230,2479,2613,1971,2169,2071,2552,2969,2650,2977,2926,1785,1414,2252,2709,2550,2246,2316,1967,2359,2088,1737,1973,2265,1155,1916,1375,2925,2441,3817,1788
1873,1453,1941,1737,1807,2105,1833,2695,1588,1667,1896,2042,2213,1536,2047,1731,2363,2041,2423,2373,1177,1792,1674,1870,1969,2036,1731,1901,1777,1465,1133,1687,1674,1390,2022,1063,2372,1821,4367,2349
1801,1380,1866,1665,1734,2035,1760,2625,1517,1594,1823,1971,2174,1487,1976,1659,2292,1950,2367,2317,1101,1772,1618,1830,1912,1995,1658,1842,1729,1408,1057,1631,1623,1375,1980,947,2316,1752,4327,2308
2719,2274,2775,2553,2640,2945,2666,3579,2427,2459,2722,2854,3042,2387,2876,2548,3249,2930,3213,3161,2012,2646,2492,2682,2794,2849,2561,2714,2605,2369,1962,2511,2508,2285,2853,1685,3160,2722,4959,2940
2246,1806,2305,2084,2178,2483,2204,3103,1943,2007,2253,2395,2579,1909,2410,2083,2772,2456,2760,2709,1538,2173,2027,2225,2331,2392,2094,2245,2144,1891,1490,2043,2051,1807,2392,1172,2708,2248,4468,2450
2171,1731,2231,2017,2103,1500,2127,2392,1358,1578,2176,2318,2502,1011,2334,2006,2071,1487,2327,2277,1461,2096,1950,2148,2254,2315,2017,2168,2067,1093,1413,1966,1386,1730,2315,942,2276,1450,4811,2798
2035,2378,2875,2656,2742,3030,2768,3413,2525,2561,2822,2955,2615,2172,2499,2650,3085,2900,3318,3266,2108,1988,2594,2785,2897,2851,2661,2587,2703,2258,2058,2598,2595,2104,2537,1758,3265,2692,4467,2450
2342,3102,3588,3370,3461,3763,3486,4398,3274,3283,3535,3665,2927,3243,2813,3368,4072,3741,4030,3978,2864,2304,3314,3506,3613,3663,3380,2897,3423,3175,2812,2911,3342,3144,2846,2595,3977,3533,4780,2765
1528,1753,2254,2031,2125,2430,2151,3050,1890,1954,2200,2344,2111,1872,1996,2030,2719,2403,2706,2655,1485,1481,1974,2172,2280,2341,2043,2094,2091,1838,1437,1990,1998,1403,2045,1064,2654,2195,3962,1935
1940,1061,1549,1337,1451,1135,1477,1854,976,1180,1701,1665,1837,635,1644,1342,1532,1230,1972,1922,1282,1825,1279,1493,1601,1677,1349,1520,1405,730,1230,1310,1006,1560,1627,890,1921,1092,4814,2801
6864,6583,7094,6835,6730,6323,6752,6569,6511,6610,7013,6898,7115,6052,7220,6855,6582,6080,6302,6428,6316,6794,6799,7112,7125,7007,6905,7021,6648,5905,6262,6813,6464,6575,7143,6421,6427,5871,9251,7241
5221,4954,5461,5205,5085,4678,5108,4918,4879,4959,5352,5251,5478,4405,5574,5219,4927,4427,4643,4769,4682,5149,5164,5476,5491,5367,5261,5380,5003,4260,4628,5178,4823,4962,5496,4766,4768,4218,7613,5611
4118,3654,4145,3908,3761,3374,3785,3626,3571,3648,4039,3926,4165,3092,4259,3920,3622,3112,3330,3457,3525,4050,3866,4166,4176,4049,3949,4083,3696,2941,3472,3882,3524,3802,4186,3470,3456,2904,6261,4305
4034,3578,4067,3836,3683,3282,3707,3546,3495,3572,3959,3848,4087,3010,4180,3846,3546,3031,3252,3377,3450,3966,3792,4088,4098,3971,3871,4009,3619,2860,3397,3808,3450,3729,4107,3513,3376,2823,6178,4222
5760,5482,5998,5728,5619,5217,5642,5454,5405,5502,5887,5785,6009,4939,6115,5749,5467,4971,5186,5322,5214,5692,5692,6012,6029,5905,5803,5918,5540,4802,5161,5712,5359,5499,6033,5303,5321,4761,8153,6142
4403,3987,4485,4240,4104,3707,4127,3961,3904,3979,4370,4270,4503,3427,4600,4252,3952,3446,3669,3801,3911,4380,4199,4508,4521,4393,4290,4417,4025,3278,3858,4215,3856,4194,4527,3797,3800,3238,6613,4640
6315,6041,6557,6289,6184,5779,6207,6023,5967,6065,6461,6351,6572,5505,6681,6309,6031,5532,5755,5886,5766,6245,6252,6571,6585,6465,6364,6477,6102,5358,5712,6268,5918,6049,6598,5865,5885,5323,8708,6698
5454,5180,5692,5431,5310,4909,5337,5151,5106,5199,5579,5479,5705,4635,5808,5456,5160,4665,4879,5005,4914,5386,5399,5708,5724,5598,5498,5618,5240,4496,4860,5412,5058,5191,5728,4996,5004,4456,7850,5838
7398,7116,7633,7373,7266,6871,7289,7107,7050,7178,7549,7432,7652,6596,7757,7387,7150,6623,6847,6977,6857,7336,7334,7652,7667,7543,7441,7557,7190,6452,6798,7348,6999,7111,7684,6965,6976,6413,9791,7773
4998,4730,5241,4982,4864,4475,4887,4699,4649,4761,5130,5029,5257,4184,5353,4997,4729,4205,4424,4551,4460,4928,4942,5261,5274,5151,5044,5158,4782,4038,4406,4956,4601,4739,5280,4541,4550,3996,7389,5393
5326,5052,5564,5303,5184,4800,5207,5020,4972,5089,5452,5349,5576,4503,5676,5322,5055,4534,4749,4873,4786,5252,5267,5577,5590,5468,5363,5482,5107,4364,4732,5278,4926,5063,5602,4866,4875,4325,7719,5713
4654,4386,4902,4636,4520,4135,4544,4361,4303,4419,4782,4685,4917,3831,5013,4649,4385,3861,4080,4211,4098,4573,4596,4919,4932,4809,4701,4812,4438,3690,4045,4612,4256,4380,4940,4198,4210,3652,7029,5052
4568,4211,4717,4460,4342,3950,4366,4178,4125,4231,4599,4507,4738,3654,4834,4475,4199,3677,3902,4029,4022,4497,4422,4740,4753,4631,4521,4640,4259,3506,3969,4438,4078,4260,4762,4016,4027,3470,6842,4869
5937,5663,6171,5912,5798,5409,5821,5635,5587,5698,6067,5964,6186,5121,6293,5931,5662,5147,5366,5497,5392,5869,5873,6185,6199,6079,5978,6103,5717,4977,5338,5892,5540,5666,6212,5478,5496,4938,8330,6318
4889,4620,5134,4869,4757,4370,4780,4589,4543,4655,5044,4923,5150,4072,5246,4886,4624,4098,4316,4445,4349,4816,4831,5154,5167,5044,4937,5048,4673,3927,4295,4846,4491,4627,5172,4434,4444,3889,7282,5286
7102,6821,7340,7077,6975,6597,6997,6807,6759,6883,7278,7144,7360,6300,7465,7094,6861,6329,6551,6684,6565,7040,7038,7360,7375,7251,7152,7262,6894,6157,6506,7054,6704,6823,7385,6670,6683,6119,9493,7473
3228,2713,3187,2980,2796,2424,2822,2672,2626,2736,3069,2979,3197,2134,3301,2960,2697,2153,2377,2508,2676,3156,2928,3212,3208,3085,2983,3132,2743,1964,2578,2952,2581,2956,3233,3162,2495,1986,5280,3352
3802,3338,3818,3597,3429,3073,3465,3294,3252,3354,3733,3606,3843,2766,3936,3602,3324,2793,3009,3135,3252,3730,3548,3849,3859,3729,3633,3775,3380,2620,3200,3573,3206,3530,3871,3598,3134,2585,5934,3979
1227,1310,1057,1324,1171,2106,1099,1650,1600,1489,1586,1049,745,1634,995,1263,2217,2426,1978,1474,1581,976,1296,1101,1143,851,1241,1090,1072,1862,1533,1244,1732,1622,1098,2932,1474,2219,3086,1075
1714,1363,1419,1573,1209,2202,1234,1503,1652,1546,1639,1410,1012,1689,1364,1512,2246,2482,1695,1642,1635,1468,1478,1350,1505,1102,1653,1351,1167,1916,1586,1497,1784,1868,1512,2889,1641,2274,3145,723
1403,947,550,594,707,1592,692,2047,1125,979,1070,551,767,1160,746,523,1696,1953,1539,1486,1111,1245,613,344,585,293,655,460,1064,1389,1063,594,1252,1544,560,1858,1485,1746,3437,1442
1149,1191,935,1203,1119,1974,929,1934,1475,1364,1448,927,624,1509,604,1140,2095,2302,1403,1350,1454,898,1177,979,1020,731,1115,1039,947,1738,1406,1196,1605,1575,991,2862,1349,2094,3232,1080
1344,1175,631,877,690,1887,624,1910,1428,1280,1361,623,662,1346,480,816,2008,2143,1410,1357,1414,960,825,668,673,460,785,331,954,1576,1366,790,1558,1250,406,2049,1356,1935,3358,1346
1426,951,400,769,415,1737,441,1766,1228,1128,1215,548,864,1273,899,912,1855,2070,1268,1215,1223,1083,989,634,511,660,570,933,699,1508,1170,1178,1372,1413,958,1980,1214,1862,3692,1588
1533,950,195,687,426,1743,306,1885,1225,1134,1212,182,665,1280,654,628,1851,2067,1374,1322,1216,1166,769,503,284,292,596,580,830,1505,1167,803,1369,1330,631,1973,1321,1859,3547,1431
1268,831,729,492,903,1544,932,1914,1064,923,1010,715,1055,1116,958,238,1644,1904,1580,1528,1055,870,355,455,751,630,839,569,958,1342,1006,469,1206,1428,621,1808,1527,1696,3516,1731
1220,932,826,1087,722,1724,644,1629,1206,1108,1194,805,281,1262,541,1016,1836,2049,1149,1097,1197,1097,858,865,904,650,870,776,695,1487,1148,876,1350,1247,726,1959,1096,1841,3343,1177
1180,1002,789,1137,635,1724,600,1681,1288,1107,1193,775,557,1234,162,806,1836,2021,1197,1145,1205,776,743,845,874,608,1058,639,740,1459,1154,757,1343,1129,586,1931,1144,1813,3554,1408
1013,1236,1184,1313,1043,1964,965,1826,1483,1346,1436,1170,840,1479,561,1031,2085,2260,1592,1540,1441,660,971,1235,1270,1008,1447,963,1127,1704,1392,975,1586,1371,914,2625,1539,2052,3415,1296
1580,1259,1007,1277,914,2056,939,1405,1539,1438,1528,993,691,1591,944,1213,2162,2375,1673,1407,1521,1341,1177,1052,1093,821,1185,1066,1017,1816,1472,1198,1682,1570,1042,2288,1434,2167,3574,1233
1399,1039,746,1247,597,1825,613,1713,1297,1189,1279,732,616,1362,814,1161,1915,2136,1375,1407,1292,1029,1289,992,831,854,1097,1104,777,1579,1243,1352,1433,1406,952,2048,1406,1929,3721,1547
1130,694,1204,965,1056,1070,1083,1783,711,990,1115,1305,1308,699,1191,959,1433,1490,1661,1610,716,1089,913,1094,1225,1305,979,1260,1018,931,669,1017,969,284,1213,1392,1609,1281,3746,1761
640,1414,1131,1351,1118,1386,1220,2043,1088,1629,1718,1118,1003,1017,893,1241,1760,1808,2244,2192,1000,791,1152,1398,1218,939,1612,971,1107,1250,951,718,1128,806,924,1913,2191,1599,3581,1581
1107,1682,2176,2271,2039,2286,2065,2966,1805,1890,2108,2265,1945,1874,1692,2169,2634,2306,2622,2571,1396,1035,2093,2325,2204,2154,1966,1869,2005,1747,1347,1590,1868,1232,1820,1791,2570,2099,3629,1627
1121,1033,1542,1443,1400,1642,1427,2136,1058,1342,1478,1638,1296,1041,1179,1426,1785,2161,2311,2259,719,1077,1374,1559,1561,1683,1317,1248,1362,1605,672,1007,1219,235,1201,2305,2258,1954,3733,1749
784,1387,2020,1673,1651,2006,1759,2694,1502,1619,1833,2006,1539,1561,1421,1559,2361,2028,2344,2292,1090,823,1477,1715,2067,1846,1672,1492,1721,1470,1041,1251,1576,880,1445,1998,2291,1821,3513,1515
1024,1162,1603,1240,1211,1542,1316,2267,1188,1360,1620,1591,1098,1172,980,1130,1921,1963,2131,2079,1055,891,1041,1286,1650,1524,1500,1051,1548,1406,1006,817,1448,474,1004,2581,2078,1756,3533,1550
1011,821,1337,1035,1205,1251,1552,1979,907,983,1372,1324,1043,885,932,888,1626,1670,1901,1850,870,846,785,1040,1406,1254,1101,1000,1154,1108,826,741,1171,590,982,1572,1849,1461,3495,1514
288,1116,1666,1478,1239,1495,1343,2151,1199,1204,1619,1654,1114,1130,1003,1183,1877,1916,2132,2081,1110,708,1121,1528,1731,1486,1484,1166,1233,1358,1061,844,1233,1022,1119,1821,2080,1709,3872,1768
1492,961,1457,1235,1322,775,1351,1568,883,1015,1464,1553,1726,633,1536,1229,1227,737,1630,1579,925,1432,1176,1374,1481,1554,1240,1411,1295,56,877,1191,1015,1091,1573,990,1578,681,4104,2322
2051,1397,1882,1744,1757,978,1784,1696,1311,1203,1668,1975,2156,918,1958,1662,1323,234,1828,1777,1379,1976,1610,1805,1910,1976,1674,1837,1920,622,1330,1626,1374,1658,1994,1489,1776,274,4947,2938
1566,1035,1609,1301,1476,696,1503,1386,903,768,1222,1701,1887,385,1609,1367,1055,1097,1395,1344,992,1502,1314,1512,1642,1708,1402,1541,1487,698,943,1329,783,1307,1646,1087,1343,900,4177,2468
1700,1168,1745,1438,1614,661,1641,1102,1083,987,1079,1835,2016,846,1741,1497,420,1240,1252,1201,1124,1769,1445,1642,1769,1836,1534,1671,1622,989,1075,1461,1120,1297,1763,1480,1200,1031,4445,2247
1789,1257,2057,1753,1924,753,1950,1552,1171,1102,1395,2146,2326,926,2198,1812,865,1151,1565,1514,1213,2082,1759,1956,2085,2146,1847,1979,1931,980,1164,1775,1209,1386,2068,1583,1513,942,4560,2863
2002,1275,1463,1154,1330,725,1332,1265,1048,634,795,1560,1730,897,1602,1205,530,1474,946,911,1356,1483,1153,1344,1469,1544,1229,1386,1332,1038,1270,1168,909,1659,1479,1587,910,1243,4151,2331
1761,1229,1715,1757,1582,635,1607,1487,1143,1093,1476,1810,1986,854,1788,1824,1032,909,1638,1588,1167,1696,1771,1967,1746,1814,1507,1993,1946,894,1118,1790,1167,1344,1829,1575,1587,709,4364,2600
1648,1116,1605,1489,1470,299,1495,1162,1026,835,1217,1697,1876,556,1676,1389,825,920,1386,1336,1055,1584,1337,1529,1634,1701,1393,1567,1446,696,1006,1352,974,1230,1718,1243,1335,724,4249,2465
1773,1242,1726,1511,1595,1051,1620,1747,1156,1338,1798,1820,1997,845,1801,1515,1399,842,1947,1897,1180,1709,1463,1651,1756,1824,1519,1690,1571,691,1131,1479,1201,1357,1838,1071,1896,718,4376,2585
2268,1651,2133,1920,2003,1267,2028,1894,1563,1566,2023,2220,2402,1051,2207,1921,1623,733,1725,1675,1577,2193,1866,2054,2162,2222,1925,2090,1973,937,1527,1886,1498,1842,2214,1168,1674,563,5161,3160
1728,1280,1568,1262,1433,367,1458,1475,1072,641,982,1661,1839,673,1719,1333,1018,1263,1149,1099,1135,1610,1281,1470,1598,1665,1357,1511,1459,857,1086,1296,878,1469,1603,1397,1098,1054,4277,2432
2290,1534,2016,1988,1887,927,1913,1778,1447,1330,1708,2107,2288,1123,2092,2056,1259,932,1609,1559,1468,2214,2002,2191,2044,2106,1807,2223,2172,937,1418,2022,1468,1864,2103,1927,1558,735,4817,2846
2107,2056,1792,2059,1825,2808,1796,2493,2331,2228,2339,1777,1618,2389,1867,2001,2959,3170,2234,2183,2291,1649,1975,1840,1881,1609,1989,1857,1817,2609,2239,2004,2446,2339,1844,3128,2182,2962,2165,1265
2615,2705,2751,2749,2752,3392,2863,3784,2933,2812,2912,2732,2957,2923,2518,2486,3550,3708,3409,3357,2848,2088,2426,2813,2840,2913,2799,2616,2738,3143,2795,2438,3002,2788,2566,3652,3356,3499,3078,2584
2496,2442,2187,2450,2215,3228,2189,2871,2712,2646,2747,2171,2007,2758,2240,2320,3388,3544,2631,2579,2681,1927,2260,2232,2277,2003,2376,2248,2201,2976,2629,2272,2839,2624,2234,3512,2576,3334,1330,1533
2856,2809,2547,2813,2581,3559,2550,3218,3069,2980,3080,2531,2383,3146,2603,2751,3724,3927,2993,2941,3034,2297,2641,2594,2637,2361,2739,2608,2565,3365,2981,2749,3192,2993,2599,3876,2940,3718,2864,2014
2319,2262,2008,2272,2034,3015,2010,2696,2532,2434,2543,1992,1828,2603,2070,2210,3172,3386,2447,2396,2497,1849,2177,2052,2098,1822,2197,2065,2021,2820,2445,2204,2647,2539,2050,3337,2395,3178,2376,1475
2165,2114,1856,2120,1878,2857,1856,2593,2379,2280,2392,1840,1675,2447,1924,2056,3021,3232,2294,2243,2343,1663,1996,1902,1946,1669,2046,1914,1870,2666,2291,2049,2493,2360,1900,3226,2242,3025,2478,1367
3179,3132,2866,3145,2902,3876,2871,3535,3381,3303,3400,2847,2703,3469,2930,3075,4054,4253,3322,3270,3355,2686,3033,2925,2955,2684,3062,2928,2891,3677,3302,3067,3511,3379,2914,4193,3258,4044,2840,2337
2829,2788,2526,2792,2560,3531,2529,3195,3043,2959,3051,2503,2353,3115,2576,2730,3696,3906,2964,2912,3013,2349,2692,2573,2606,2332,2710,2581,2537,3333,2947,2713,3159,3046,2570,3852,2911,3685,2682,1988
3079,3035,2771,3050,2804,3779,2776,3440,3286,3206,3299,2752,2604,3373,2830,2987,3956,4158,3217,3165,3255,2579,2929,2832,2860,2588,2964,2832,2791,3591,3202,2962,3412,3282,2829,4101,3164,3949,2054,2181
2102,2186,2230,2241,2229,2880,2346,3162,2427,2304,2414,2221,2603,2404,2585,1974,3043,3189,2906,2854,2335,1573,1913,2296,2323,2399,2283,2100,2217,2624,2283,1930,2500,2279,2050,3128,2853,2982,2886,1977
2109,2200,2147,2254,2176,2892,2150,2836,2440,2316,2426,2134,1962,2416,2013,1985,3056,3201,2595,2543,2347,1585,1924,2200,2237,1962,2338,2102,2166,2636,2294,1942,2512,2291,2052,3141,2544,2993,2450,1618
2685,2635,2372,2644,2407,3467,2378,3217,2900,2881,2982,2360,2204,2988,2411,2556,3627,3768,2825,2773,2911,2151,2496,2425,2462,2189,2567,2435,2393,3207,2858,2505,3016,2849,2426,3710,2772,3559,1973,1749
2540,2487,2222,2492,2252,3273,2227,2904,2747,2688,2788,2210,2040,2792,2262,2359,3430,3576,2673,2621,2715,1956,2298,2276,2312,2038,2414,2284,2241,3011,2663,2310,2877,2662,2276,3558,2620,3367,1782,1694
1763,1107,1361,1349,999,1915,1025,1215,1379,1263,1401,1481,1046,1419,1393,1202,1944,2206,1223,1174,1328,1494,1175,1530,1451,1276,1336,1530,890,1671,1278,1197,1469,1548,1417,2107,1173,2022,3273,1217
1815,883,1007,1117,892,1909,909,1653,1113,1024,1256,1117,844,1179,1180,963,1812,1968,929,968,1088,1449,908,1170,1096,1246,981,1500,658,1402,1039,929,1236,1313,1322,1868,967,1760,4019,1308
1620,1025,1426,1267,905,1748,923,1061,1269,1181,1695,1090,1206,1337,1371,1120,1788,2125,1168,1119,1245,1363,1065,1240,1516,1195,1009,1448,807,1560,1196,1087,1391,1467,1336,2028,1118,1917,3279,1223
2050,1563,2005,1803,1357,1539,1382,893,1853,1984,1693,1549,1704,1658,1861,1659,1585,2038,1108,1059,1782,1785,1605,1785,1797,1650,1555,1904,1380,1805,1732,1629,1706,2003,1799,2302,1058,1873,3919,1813
1978,1523,1172,1485,1049,1579,1075,1140,1564,1215,910,1281,1204,1731,1545,1550,1785,1910,537,584,1462,1613,1496,1339,1262,1404,1161,1658,650,1926,1421,1520,1426,1690,1488,2458,583,1748,4318,1745
3208,2168,2380,2428,1979,1925,2004,1665,2291,2200,2092,2163,2382,2124,2477,2277,1983,2152,1546,1693,2549,2954,2222,2395,2404,2270,2170,2519,1918,1973,2497,2244,2556,2834,2408,2793,1692,1944,4647,2729
1788,1040,980,1282,865,1728,891,1435,1702,1383,1076,1090,1013,1352,1354,1135,1595,2047,756,795,1262,1422,1080,1143,1069,1219,953,1472,598,1575,1212,1102,1590,1482,1295,2040,794,1883,4152,1543
2347,1626,1829,1869,1424,1378,1449,1137,1737,1687,1554,1614,1838,1477,1926,1722,1426,1520,996,1149,1928,1980,1670,1864,1863,1724,1631,1979,1375,1324,1853,1692,1777,2187,1863,2284,1148,1281,3963,1999
1643,1279,1151,1213,722,1268,748,1243,1317,958,652,916,1117,1490,1203,1279,1495,2055,274,222,1424,1552,1220,1161,1175,1015,927,1268,665,1624,1374,1249,1184,1654,1149,2207,221,1847,3907,1820
2533,1929,1968,2176,1551,1629,1576,583,1992,1914,1605,1740,1923,1539,2279,2023,1673,1569,1112,1264,1978,2260,1967,1989,1998,1846,1753,2100,1493,1389,1926,1993,2006,2261,1985,2506,1263,1361,4141,2013
2990,2297,2506,2870,2110,2138,2135,1945,2377,2437,2279,2293,2514,1888,2605,2936,2390,1919,1677,1819,2315,2911,2881,2525,2539,2400,2305,2642,2056,1737,2263,2905,2316,2601,2539,2305,1818,1711,4612,2670
2400,1994,2241,1940,1954,1231,1979,1581,1586,1524,1325,2321,2353,1275,2392,2005,1277,1305,1436,1387,1733,2275,1949,2138,2265,2315,2244,2172,1893,1125,1682,1975,1725,2024,2261,2268,1386,1096,4700,2605
2131,1435,1651,1371,1542,921,1567,1067,1474,1117,633,1733,1942,1040,1827,1436,964,1419,1001,951,1578,1709,1377,1572,1679,1734,1351,1603,1335,1181,1528,1407,1342,1806,1693,1676,950,1255,4385,2427
2365,2245,2457,2203,1868,1234,1893,1541,1676,1566,1600,2539,2267,1234,2362,2271,1494,1370,1349,1300,1697,2533,2215,2398,2487,2535,2181,2438,1811,1085,1647,2237,1685,1990,2527,2186,1299,1162,4565,2541
1780,1085,1192,1020,1001,1191,1027,1534,1128,776,497,1274,1402,1300,1493,1088,1419,1926,575,508,1234,1367,1028,1184,1218,1280,883,1264,885,1496,1184,1062,999,1457,1550,2019,522,1718,4201,2069
2395,1703,1615,1648,1197,1304,1223,960,1761,1389,1044,1388,1595,1422,1693,1718,1340,1805,678,628,1857,1986,1659,1640,1649,1499,1404,1742,1166,1569,1805,1686,1619,2074,1622,2041,627,1634,4426,2229
1824,1828,2031,1771,1453,879,1479,934,1214,1512,1168,2113,1851,979,1956,1842,902,1181,942,899,1212,2110,1783,1974,2058,2113,1749,2008,1422,1134,1162,1811,1227,1412,2095,1592,898,972,4103,2044
2388,2054,1994,2003,1577,1342,1603,1258,1693,1746,1404,1767,1978,1270,2069,2074,1378,1302,1212,1162,1692,2338,2017,2010,2021,1880,1780,2240,1543,1117,1640,2040,1709,2057,2003,2240,1161,1093,4418,2377
1615,817,1162,859,1022,1060,1048,1550,968,643,468,1255,1421,1120,1310,923,1229,1763,733,683,1060,1194,871,1244,1196,1265,950,1095,900,1326,1011,895,834,1287,1184,1838,682,1555,3879,2085
2368,1871,2344,2134,1942,1545,1967,1793,1768,1863,2076,2126,2344,1256,2437,2128,1795,1296,1506,1660,1771,2296,2071,2359,2372,2236,2136,2295,1892,1103,1719,2094,1725,2046,2412,1432,1659,1088,4470,2508
2399,1896,2365,2155,2230,1962,2256,2641,1795,2016,2529,2445,2632,1475,2442,2154,2372,2073,2353,2485,1792,2334,2097,2283,2393,2443,2157,2322,2194,1546,1740,2120,1844,1971,2434,1209,2468,1884,5273,3173
2281,1741,2231,2026,2084,1353,2109,2191,1659,1660,2296,2305,2488,1133,2296,2020,1595,1189,2013,1962,1654,2201,1948,2134,2246,2301,2011,2173,2461,980,1604,1973,1605,1942,2291,2032,1961,968,4754,2773
1571,1220,1697,1476,1565,1184,1590,1819,902,1141,1653,1794,1972,766,1812,1485,1510,1323,1843,1793,670,1478,1425,1614,1734,1800,1487,1658,1531,750,620,1456,769,916,1809,1221,1792,1114,4459,2450
1529,1029,1266,953,1130,666,1155,1687,624,447,924,1361,1536,604,1423,1030,1280,1211,1232,1184,955,1299,969,1159,1298,1367,1054,1201,1133,787,902,999,430,1303,1290,1280,1166,999,3971,2195
1388,850,1326,1098,1191,964,1216,1709,547,841,1344,1422,1597,639,1438,1111,1402,1421,1625,1576,574,1330,1051,1241,1360,1429,1115,1282,1157,853,521,1081,482,933,1443,1296,1575,1215,4003,2243
1553,942,1147,842,1012,717,1037,1545,686,186,586,1242,1417,840,1303,911,901,1504,823,775,966,1180,859,1040,1180,1249,934,1084,1014,1072,917,887,580,1323,1173,1549,774,1295,3851,2075
1100,632,1064,841,926,1334,952,1788,517,939,1008,1160,1331,939,1148,858,1711,1729,1532,1484,527,1045,796,978,1097,1169,857,1028,899,1152,474,824,674,679,1143,2356,1483,1521,3711,1999
1292,782,1257,1028,1122,746,1147,1566,632,663,1167,1352,1528,427,1342,1042,1446,1326,1403,1355,689,1234,982,1192,1290,1359,1046,1214,1088,796,639,1012,573,1038,1337,1120,1354,1124,3925,2199
1786,1339,1817,1603,1690,1100,1714,1791,939,1157,1673,1923,2102,702,1925,1604,1487,1189,1887,1837,1067,1686,1548,1731,1860,1931,1612,1777,1651,626,1017,1572,968,1358,1908,927,1836,1160,4665,2665
3297,3249,2986,3260,3021,4028,2990,3657,3499,3446,3541,2965,2793,3569,3007,3127,4197,4356,3427,3375,3487,2720,3068,3046,3076,2805,3181,3050,3007,3791,3433,3080,3658,3424,3043,4319,3374,4147,1056,2366
4087,4043,3776,4045,3805,4793,3779,4427,4280,4216,4304,3756,3585,4328,3798,3895,4976,5105,4221,4168,4248,3485,3835,3834,3864,3593,3975,3837,3800,4549,4194,3848,4406,4176,3837,5109,4167,4896,1138,3162
4025,3981,3714,3985,3744,4729,3718,4367,4218,4150,4239,3695,3522,4308,3751,3928,4910,5089,4158,4105,4186,3517,3867,3769,3803,3532,3914,3776,3737,4528,4132,3913,4354,4206,3776,5048,4104,4880,1582,3181
3595,3552,3289,3557,3323,4312,3286,3957,3798,3734,3828,3268,3094,3866,3322,3417,4485,4650,3736,3683,3780,3009,3357,3344,3379,3104,3487,3349,3308,4087,3726,3363,3944,3705,3349,4621,3682,4441,747,2697
4378,4342,4072,4339,4099,5088,4074,4745,4599,4511,4622,4052,3904,4666,4112,4307,5295,5440,4540,4464,4567,3896,4247,4124,4184,3913,4300,4158,4098,4908,4513,4289,4733,4567,4131,5420,4486,5253,1687,3559
3945,3898,3633,3901,3666,4655,3637,4289,4139,4077,4166,3614,3445,4199,3673,3756,4837,4980,4074,4021,4116,3346,3696,3688,3722,3450,3833,3694,3655,4419,4062,3707,4276,4045,3692,4971,4020,4771,773,3053
3742,3697,3433,3705,3465,4441,3428,4092,3942,3863,3958,3414,3240,4029,3470,3650,4614,4813,3878,3825,3904,3243,3593,3491,3522,3247,3632,3493,3455,4250,3848,3629,4070,3937,3493,4770,3822,4602,1974,2896
3485,3442,3178,3459,3212,4186,3175,3846,3686,3608,3703,3158,2985,3770,3213,3400,4359,4555,3626,3573,3653,2986,3338,3236,3268,2995,3375,3239,3198,3991,3599,3377,3817,3683,3237,4508,3572,4346,2777,2647
3778,3734,3470,3744,3501,4493,3474,4127,3978,3915,4006,3451,3276,4049,3508,3595,4668,4832,3913,3860,3964,3185,3535,3530,3559,3285,3669,3529,3491,4269,3910,3546,4128,3886,3530,4808,3859,4623,701,2841
4445,4413,4138,4408,4170,5151,4142,4784,4646,4580,4661,4118,3945,4688,4182,4259,5339,5460,4589,4536,4609,3848,4198,4193,4227,3956,4351,4200,4168,4907,4555,4214,4766,4536,4199,5486,4535,5243,1631,3555
618,1173,1403,1214,1245,1910,1464,2137,1567,1287,1386,1404,1154,1541,1008,956,2001,2508,1657,1607,1435,516,924,1447,1462,1217,1573,916,1227,1938,1385,947,1596,1395,876,2502,1606,2300,3367,1607
788,1645,1778,1586,1608,1888,1839,2165,1564,1738,1842,1759,1493,1504,1286,1324,2252,2456,2353,2301,1433,620,1264,1619,1835,1594,1715,1296,1587,1884,1383,999,1592,1322,1246,1900,2300,2248,3331,1291
870,1028,1295,1034,1120,1445,1353,1987,1113,1121,1221,1278,1006,1057,890,778,1789,1875,1743,1693,983,1066,717,1067,1354,1109,1106,826,1104,1288,933,474,1143,947,766,1733,1680,1660,3823,1830
652,1189,1259,1211,1084,1523,1317,1951,1192,1284,1383,1242,969,1134,853,950,1866,1948,1899,1849,1064,501,901,1244,1318,1073,1264,778,1067,1365,1014,626,1223,1023,728,1809,1848,1740,3476,1599
802,987,1093,1031,911,1700,1151,1780,1125,1080,1180,1076,813,1072,685,778,1787,1890,1702,1652,998,638,717,1081,1152,907,1062,617,906,1303,948,504,1160,955,606,1748,1651,1682,3396,1376
1051,773,894,750,1031,1476,936,1772,983,865,959,876,798,1046,669,512,1574,1864,1487,1437,937,638,446,693,946,636,846,318,893,1277,894,357,1124,1010,345,1722,1436,1656,3317,1635
984,1257,1979,1891,1812,2096,2045,2395,1774,1435,2052,1964,1697,1721,1421,1633,2471,2620,2552,2500,1720,766,1573,1918,2036,1798,1896,1495,1778,2075,1668,1235,1783,1508,1456,1925,2472,2433,3234,1180
1060,757,998,809,1152,1481,1044,1745,952,841,930,980,902,1020,760,559,1540,1832,1471,1421,921,680,490,775,1054,770,819,542,860,1249,870,393,1112,1246,638,1699,1420,1623,3368,1333
1384,1295,1353,1341,1325,2037,1429,2305,1523,1394,1490,1336,1207,1496,1078,1077,2119,2910,2009,1959,1426,681,1015,1388,1442,1530,1370,1230,1307,2345,1376,1017,1587,1382,1179,2180,1958,2701,3147,1094
964,793,1024,842,1180,1520,1087,1663,1005,881,968,1006,696,978,633,608,1580,1790,1505,1455,913,357,541,1055,1067,834,1179,556,788,1205,863,627,1068,878,501,1656,1454,1579,3109,1071
1267,1510,1431,1545,1953,2234,1823,2044,1727,1603,1699,1416,1450,1704,1438,1287,2332,3025,2279,2227,1635,882,1225,1599,1520,1231,2026,1737,1854,2458,1582,1225,1797,1590,1685,2285,2226,2815,2835,829
1463,1895,2156,2136,2145,2648,2254,3052,2315,2062,2308,2138,2031,2248,1947,1873,3016,3195,2806,2754,2252,1300,1813,2205,2245,2428,2194,2127,2126,2631,2199,1874,2280,2134,2076,2552,2753,2986,3214,1862
1423,1762,1419,1672,1700,2468,1562,2054,1990,1860,1964,1403,1190,1966,1177,1545,2588,3044,1839,1789,1893,1169,1483,1446,1508,1219,1585,1450,1408,2478,1841,1485,2046,1838,1399,2500,1788,2835,2926,860
1572,1677,1772,2026,1616,2466,1684,1906,1991,1899,2003,1757,1454,2056,1358,1690,2583,3217,1876,1876,1906,1315,1665,1830,1861,1602,1675,1650,1525,2653,1854,1668,2134,2027,1600,3215,1875,3008,2496,1055
1168,1612,1659,1650,1648,2386,1747,2577,2031,1779,1814,1646,1531,1968,1403,1391,2436,2914,2319,2267,1956,1007,1330,1692,1747,1852,1681,1526,1625,2347,1904,1587,1985,1917,1477,2263,2266,2705,2929,1523
1486,1484,1326,1591,1377,2309,1400,1617,1739,1650,1754,1309,1148,1799,1240,1536,2356,3106,1803,1753,1697,1235,1546,1370,1414,1141,1497,1380,1274,2541,1645,1493,1896,1908,1479,2684,1752,2893,2794,352
2658,2617,2362,2634,2389,3370,2364,2987,2872,2790,2886,2343,2176,2950,2417,2572,3533,4391,2799,2747,2827,2273,2626,2413,2451,2178,2547,2422,2372,3827,2774,2555,2997,2973,2410,3707,2746,4182,2878,1593
1471,1446,1193,1458,1212,2232,1186,1856,1701,1613,1715,1176,986,1762,1240,1403,2336,2556,1615,1565,1656,1143,1488,1237,1280,1008,1363,1246,1187,1988,1604,1359,1852,1709,1213,2560,1564,2348,2813,650
1139,1161,1468,1203,1438,1898,1343,1880,1387,1258,1365,1454,1280,1366,1047,941,1978,2170,1717,1667,1295,533,887,1555,1568,1331,1674,1134,1288,1597,1245,889,1454,1251,1085,2353,1666,1962,3050,1000
1992,1962,1705,1979,1729,2714,1701,2335,2215,2126,2223,1692,1505,2284,1752,1919,2871,3720,2134,2082,2134,1603,1949,1712,1753,1522,1846,1761,1677,3106,2117,1845,2312,2346,1712,3038,2055,3511,2466,911
2522,2488,2223,2498,2256,3243,2226,2898,2735,2654,2750,2206,2031,2811,2274,2434,3392,3602,2661,2609,2690,1981,2332,2279,2312,2040,2412,2286,2234,3035,2637,2412,2859,2686,2273,3588,2608,3393,2444,1684
1632,1373,1832,1634,1706,1418,1730,2162,1506,1580,1802,1922,2112,1010,1943,1623,1820,1495,2296,2244,1095,1545,1569,1771,1847,1930,1621,1781,1674,914,1045,1588,1232,1368,1955,1250,2243,1424,4490,2484
1021,508,933,738,800,1212,824,1669,529,703,898,1021,1199,879,1043,725,1458,2074,1393,1343,310,957,669,879,946,1030,718,882,771,1487,257,683,677,468,1056,2588,1342,1865,3635,1848
1375,564,989,800,866,1211,890,2149,352,597,1103,1086,1266,970,1159,790,1580,1798,1597,1547,731,1058,733,932,1009,1096,784,944,835,1210,680,749,548,997,1031,1671,1546,1591,3949,1906
1340,1002,1464,1265,1337,1579,1360,2170,1031,1206,1435,1558,1739,1079,1575,1255,1829,1655,2221,2169,628,1252,1200,1404,1484,1566,1255,1415,1305,1068,617,1218,1134,700,1581,1663,2168,1448,4208,2188
1090,533,966,937,844,1304,868,1711,639,683,934,1063,1243,759,1136,769,1667,1577,1431,1381,654,1035,713,910,986,1073,762,922,813,990,643,727,879,785,1009,1451,1380,1370,3925,1882
1290,624,1048,978,1169,1169,1192,1876,134,700,1154,1145,1324,784,1320,1026,1525,1600,1448,1398,573,1233,789,1169,1069,1155,845,1015,1308,1009,533,997,398,913,1325,1479,1386,1383,3908,1993
1708,1360,1817,1624,1700,2026,1723,2553,1486,1593,1798,1916,2105,1292,1927,1613,2213,1760,2290,2238,1075,1635,1561,1758,1839,1919,1611,1786,1667,1167,1025,1590,1586,1102,1923,1349,2237,1702,4570,2568
1010,1244,1702,1509,1585,1916,1608,2638,1368,1471,1682,1800,1990,1462,1594,1498,2298,1993,2174,2123,958,939,1445,1643,1724,1803,1496,1670,1552,1414,908,1474,1469,746,1812,2009,2122,1786,3875,1852
1141,500,942,757,829,1401,853,1691,409,865,928,1046,1225,696,1174,743,1426,1507,1416,1366,621,1093,689,888,968,1053,743,915,796,924,567,714,684,793,1175,1394,1365,1299,3757,1896
1769,1984,2253,2708,2250,2941,2357,3147,2662,2159,2416,2235,2135,2789,2049,2611,3353,3268,2903,2851,2402,1409,1914,2767,2346,2493,2298,2222,2234,2705,2351,1998,2681,2189,2172,2617,2854,3059,3111,1965
2119,2202,2239,2245,2236,2885,2341,3110,2419,2297,2402,2221,2120,2409,2003,1987,3044,3196,2890,2838,2325,1582,1926,2314,2328,2383,2280,2111,2216,2634,2273,1927,2500,2276,2061,3144,2837,2987,3119,1907
1584,1653,1690,1705,1685,2366,1779,2555,1865,1775,1865,1676,1571,1858,1449,1435,2485,2651,2360,2308,1780,1030,1377,1744,1780,1864,1724,1564,1668,2083,1728,1380,1947,1743,1516,2684,2307,2442,2541,1346
2699,2775,2813,2810,2811,3457,2924,3685,2989,2876,2973,2792,2694,2980,2587,2554,3624,3768,3460,3407,2904,2149,2497,2892,2903,2945,2860,2672,2798,3213,2851,2503,3065,2847,2622,3726,3406,3569,3717,2488
2331,2586,2857,3240,2855,3495,2969,3744,3213,2747,3016,2836,2736,3334,2657,3145,3916,3844,3502,3449,2971,2019,3076,3298,2947,3078,2904,2806,2843,3279,2918,2584,3240,2738,2755,3125,3448,3635,3806,2576
2784,2883,2923,2917,2921,3568,3032,3797,3096,2987,3080,2902,2804,3089,2695,2663,3736,3876,3567,3514,3004,2255,2603,3001,3013,3052,2972,2780,2909,3312,2954,2615,3185,2953,2729,3820,3512,3668,3820,2605
3510,3504,3200,3479,3235,4186,3198,3861,3711,3608,3694,3182,3036,3711,3268,3286,4367,4495,3648,3595,3629,2874,3224,3260,3290,3019,3403,3262,3227,3932,3575,3236,3792,3564,3267,4465,3594,4279,3435,2667
1833,1929,1968,1967,1965,2627,2066,2846,2143,2030,2135,1952,1854,2125,1722,1708,2769,2909,2633,2581,2047,1306,1648,2017,2057,2128,2003,1850,1946,2349,1995,1665,2217,2010,1801,2863,2580,2700,2849,1630
1671,2099,2367,2338,2362,3115,2469,3251,2839,2263,2528,2347,2247,3003,2166,2080,3535,3492,3019,2966,2624,1526,2018,2415,2457,2598,2413,2329,2350,2932,2571,2096,2853,2370,2294,2724,2971,3236,3239,2085
2902,2986,3018,3022,3016,3675,3128,3899,3190,3098,3181,2999,2902,3191,2793,2770,3842,3969,3666,3613,3109,2354,2709,3098,3109,3158,3073,2890,3006,3411,3054,2718,3296,3049,2839,3930,3612,3760,3941,2702
2349,2814,2849,2852,2848,3754,2961,3725,3469,2931,3012,2828,2732,3533,2624,2599,4175,4032,3498,3445,3177,2201,2538,2931,2939,2995,2902,2722,2835,3474,3122,2765,3497,2999,2672,3395,3444,3823,3719,2529
1464,373,838,343,886,1355,910,1756,922,719,840,1048,1242,921,1115,614,1434,1722,1327,1277,813,991,512,753,842,924,686,781,853,1148,760,607,1070,1011,870,1605,1272,1511,3646,1660
1081,865,1198,813,1135,1280,1439,2012,1174,1048,1193,1184,1219,925,1092,716,1685,1724,1684,1634,854,1066,622,881,1216,1148,1053,904,1103,1153,803,649,1029,925,979,1610,1633,1520,3722,1736
1255,688,1126,673,1092,1494,1116,1970,914,866,1183,1112,1326,989,1226,660,1761,1800,1674,1624,895,1102,639,814,1145,985,1003,894,1061,1229,844,685,1040,784,973,1687,1623,1592,3757,1771
1520,384,941,576,830,1187,854,1699,751,875,935,1042,1207,830,1188,761,1589,1631,1418,1368,726,1065,702,917,945,1098,746,980,799,1060,675,779,880,789,1068,1517,1367,1423,3970,1857
1217,698,955,609,893,1473,1140,1765,950,840,942,939,1008,1015,917,333,1555,1794,1437,1388,912,792,269,642,969,858,791,634,851,1236,861,381,1069,1150,688,1687,1387,1618,3437,1454
1691,948,696,945,787,1579,817,1243,1249,947,1021,801,1279,1118,1364,1003,1679,1910,779,730,1017,1277,947,843,787,916,630,1164,377,1352,968,960,1404,1235,1167,1807,729,1703,3910,1820
1161,166,744,659,618,1294,640,1492,637,674,839,853,1004,668,922,572,1397,1462,1342,1293,617,814,510,690,743,850,568,715,630,907,563,527,755,924,804,1345,1292,1255,3771,1677
1474,509,1059,751,937,1176,960,1773,708,593,813,1166,1322,947,1187,810,1277,1751,1150,1101,851,1077,751,946,1060,1165,860,972,1035,1336,800,764,719,1228,1058,1625,1100,1544,3736,1956
1568,886,1011,838,648,1214,672,1187,1012,628,781,1119,1029,1174,1153,897,1324,1794,724,675,1025,1163,839,1031,1009,1115,718,1058,650,1379,975,853,873,1243,1358,1900,674,1592,3798,1690
1404,689,749,686,710,1279,734,1349,982,653,671,854,1370,974,1296,745,1381,1772,757,708,884,1010,687,770,746,850,571,1091,463,1209,833,699,1141,1092,1090,1661,707,1565,3839,1746
1347,705,925,629,791,1136,815,1494,922,532,589,1032,1191,1099,1064,689,1240,1724,888,839,828,952,631,831,922,1029,627,858,636,1304,777,644,946,1036,938,1605,838,1517,3611,1818
3072,3036,2771,3039,2805,3779,2773,3398,3276,3207,3294,2750,2595,3366,2830,2984,3958,4649,3214,3170,3241,2648,3001,2825,2861,2587,2963,2832,2788,4098,3187,2965,3413,3342,2831,4090,3160,4440,1903,1993
2449,2413,2148,2423,2179,3158,2150,2793,2662,2582,2676,2133,1961,2743,2212,2360,3325,4117,2589,2537,2621,2050,2401,2204,2238,1971,2344,2217,2164,3554,2568,2348,2787,2751,2200,3502,2536,3908,2223,1369
2044,1702,1921,1963,1579,2471,1602,1858,1950,1864,1962,1751,1735,2023,2061,1802,2618,2805,1942,1892,1911,1751,1746,1923,1905,1883,1696,2132,1478,2241,1859,1757,2074,2131,1990,2708,1891,2596,2991,1463
2222,1584,1807,1849,1463,2371,1485,1741,1834,1750,1848,1638,1620,1908,1947,1685,2505,2690,1831,1781,1796,1924,1629,1807,1792,1769,1580,2020,1362,2125,1744,1642,1961,2021,1874,2593,1780,2481,3774,1588
1905,2003,1992,2041,2021,2697,1994,2662,2224,2107,2205,1977,1805,2209,2363,1780,2853,2992,2432,2380,2128,1379,1718,2024,2058,1797,2160,1915,1983,2430,2076,1727,2285,2075,1866,2943,2353,2783,2792,1429
1324,1433,1458,1466,1451,2176,1581,2332,1652,1537,1640,1446,1347,1639,1223,1203,2271,2420,2124,2073,1565,811,1142,1515,1551,1646,1504,1334,1435,1856,1512,1155,1732,1508,1289,2365,2072,2211,2865,1118
2566,2528,2264,2539,2296,3280,2264,2939,2777,2697,2791,2245,2073,2857,2321,2477,3440,3643,2704,2652,2735,2120,2468,2321,2355,2086,2458,2331,2281,3077,2682,2463,2904,2816,2316,3626,2651,3434,2655,1736
2907,2986,2605,2882,2649,3670,2619,3272,3197,3084,3154,2585,2443,3198,2681,2764,3829,3964,3061,3008,3097,2318,2674,2670,2695,2432,2812,2677,2632,3398,3043,2683,3268,3028,2670,3903,3007,3755,3017,2091
2680,1902,2128,2154,1770,1916,1795,1165,2271,2193,2181,1949,1905,2030,2226,1999,1955,2103,1555,1703,2097,2355,1943,2107,2118,2161,1884,2426,1677,1916,2045,1964,2286,2315,2377,2739,1702,1895,3791,1871
3680,2872,3089,3136,2761,2882,2785,2157,3348,3453,3125,2927,2880,2877,3206,2988,2942,2902,2539,2669,3288,3340,2935,3096,3111,3140,2879,3412,2662,2733,3234,2952,3302,3568,3361,3333,2671,2697,4672,2858
3835,3149,3359,3407,3041,3144,3065,2435,3738,3392,3386,3207,3149,3267,3474,3264,3192,3300,2810,2936,3681,3399,3210,3369,3382,3344,3147,3589,2938,3132,3627,3225,3676,3965,3588,3670,2935,3092,4159,2752
4115,3379,3597,3638,3276,3380,3300,2669,3723,3630,3623,3443,3387,3867,3718,3500,3429,3896,3041,3168,3591,3677,3445,3599,3613,3642,3380,3922,3173,3726,3537,3460,3722,4416,3871,4265,3167,3687,3203,3034
638,1450,1547,1767,1532,1822,1678,2193,1515,1410,1882,1533,1432,1467,1287,1667,2235,2404,1944,1894,1393,634,1493,1827,1638,1366,1691,1345,1520,1839,1341,1133,1561,1339,1299,2389,1893,2195,3634,1637
880,1193,2057,1690,1639,2159,1785,2811,1207,1627,2069,2040,1539,1584,1416,1591,2491,2150,2557,2505,1223,798,1487,1751,2108,1909,1944,1453,1992,1586,1171,1241,1740,605,1407,2129,2504,1942,3718,1787
1613,856,1224,911,1073,854,1098,1664,445,406,858,1311,1474,718,1369,977,1376,1375,1122,1071,884,1241,921,1105,1239,1304,996,1141,1085,961,833,934,285,1269,1227,1435,1072,1168,3908,2070
